experiment,target,model,family,high_error_detection_AUROC,finite_violation_rate,positive_violation_rate,extra_finite_violation_rate,extra_positive_violation_rate,derivative_sign_violation_rate,sensitivity_median,sensitivity_p95,extrapolation_stability_index,physics_violation_rate
random80_20,Nuavg,ordinary_power_law,symbolic,0.5677142542814185,0.0,0.0,0.0,0.0,0.0,0.0027423929045440032,0.014987213832267253,2.2197361431172613,0.0
random80_20,Nuavg,complexity_penalized_symbolic_lasso,symbolic,0.6649968829073306,0.0,0.0,0.0,0.0,0.0,0.0033220214090259378,0.015011241245238515,2.7157022553946173,0.0
random80_20,Nuavg,unconstrained_gp_sr,symbolic,0.5095236348967692,0.0,0.0,0.0,0.0,0.0,0.0020196976172720503,0.008951803533075106,1.7042658041154768,0.0
random80_20,Nuavg,positive_complexity_gp_sr,symbolic,0.46531592650995635,0.0,0.0,0.0,0.0,0.0,0.0015568825510025948,0.010418884263588099,1.4400196867193578,0.0
random80_20,Nuavg,certified_symbolic,symbolic,0.6649968829073306,0.0,0.0,0.0,0.0,0.0,0.0033220214090259378,0.015011241245238515,2.7157022553946173,0.0
random80_20,Nuavg,random_forest,black_box,0.7576625472147861,0.0,0.0,0.0,0.0,0.0,0.0,0.001037046418615133,2.7637983106195465,0.0
random80_20,Nuavg,xgboost_hist,black_box,0.6516850636253622,0.0,0.0,0.0,0.0,0.0,0.0,0.0,2.0007024935024957,0.0
range_re_high_holdout,Nuavg,ordinary_power_law,symbolic,0.8180149564514385,0.0,0.0,0.0,0.0,0.0,0.0024792489547189223,0.011756058306085122,2.002158790416685,0.0
range_re_high_holdout,Nuavg,complexity_penalized_symbolic_lasso,symbolic,0.5619738567621304,0.0,0.0,0.0,0.0,0.0,0.002905292328536564,0.011741189062127531,2.2705177275607005,0.0
range_re_high_holdout,Nuavg,unconstrained_gp_sr,symbolic,0.8130420068530818,0.0,0.0,0.0,0.0,0.0,0.001335954546044443,0.006090146890935863,1.4971555752423713,0.0
range_re_high_holdout,Nuavg,positive_complexity_gp_sr,symbolic,0.5659315349869096,0.0,0.0,0.0,0.0,0.0,0.001696635877878687,0.011992471117629732,1.6954249922098628,0.0
range_re_high_holdout,Nuavg,certified_symbolic,symbolic,0.5619738567621304,0.0,0.0,0.0,0.0,0.0,0.002905292328536564,0.011741189062127531,2.2705177275607005,0.0
range_re_high_holdout,Nuavg,random_forest,black_box,0.7617708024874148,0.0,0.0,0.0,0.0,0.0,0.0,0.0005016366970536626,2.417372342310649,0.0
range_re_high_holdout,Nuavg,xgboost_hist,black_box,0.7615545872874863,0.0,0.0,0.0,0.0,0.0,0.0,0.0,1.710092165728258,0.0
geometry_holdout,Nuavg,ordinary_power_law,symbolic,0.5416152952738318,0.0,0.0,0.0,0.0,0.0,0.002740675575503407,0.015232167097674863,2.24694342037879,0.0
geometry_holdout,Nuavg,complexity_penalized_symbolic_lasso,symbolic,0.6993835432859823,0.0,0.0,0.0,0.0,0.0,0.003316337771755147,0.015064788298817718,2.720434623989243,0.0
geometry_holdout,Nuavg,unconstrained_gp_sr,symbolic,0.5207123499806426,0.0,0.0,0.0,0.0,0.0,0.0026276624090304903,0.010830046481707899,1.933121789835007,0.0
geometry_holdout,Nuavg,positive_complexity_gp_sr,symbolic,0.5398046398046398,0.0,0.0,0.0,0.0,0.0,0.0015557524399896594,0.01040170976068811,1.6303545450408379,0.0
geometry_holdout,Nuavg,certified_symbolic,symbolic,0.6993835432859823,0.0,0.0,0.0,0.0,0.0,0.003316337771755147,0.015064788298817718,2.720434623989243,0.0
geometry_holdout,Nuavg,random_forest,black_box,0.7727657166681556,0.0,0.0,0.0,0.0,0.0,0.0,0.0005524359302203707,2.8118289790540314,0.0
geometry_holdout,Nuavg,xgboost_hist,black_box,0.8382917895113017,0.0,0.0,0.0,0.0,0.0,0.0,0.0,2.0580719229042854,0.0
sparse_20,Nuavg,ordinary_power_law,symbolic,0.5991162125490483,0.0,0.0,0.0,0.0,0.0,0.00272541269685738,0.014933969774455201,2.205081051569971,0.0
sparse_20,Nuavg,complexity_penalized_symbolic_lasso,symbolic,0.6440536873372694,0.0,0.0,0.0,0.0,0.0,0.003327998422410186,0.014725837183194526,2.665157142440587,0.0
sparse_20,Nuavg,certified_symbolic,symbolic,0.6440536873372694,0.0,0.0,0.0,0.0,0.0,0.003327998422410186,0.014725837183194526,2.665157142440587,0.0
sparse_20,Nuavg,random_forest,black_box,0.7028750595914776,0.0,0.0,0.0,0.0,0.0,0.0,0.0017402315450659274,2.7213918422761147,0.0
sparse_20,Nuavg,xgboost_hist,black_box,0.6662730573178335,0.0,0.0,0.0,0.0,0.0,0.0,0.0,1.9399243269095243,0.0
sparse_40,Nuavg,ordinary_power_law,symbolic,0.5660676959184422,0.0,0.0,0.0,0.0,0.0,0.002716883787297252,0.014934081463502358,2.2342674611705626,0.0
sparse_40,Nuavg,complexity_penalized_symbolic_lasso,symbolic,0.6804686640507536,0.0,0.0,0.0,0.0,0.0,0.0033005200347923794,0.014995362064360317,2.739939680318297,0.0
sparse_40,Nuavg,certified_symbolic,symbolic,0.6804686640507536,0.0,0.0,0.0,0.0,0.0,0.0033005200347923794,0.014995362064360317,2.739939680318297,0.0
sparse_40,Nuavg,random_forest,black_box,0.7282408595841432,0.0,0.0,0.0,0.0,0.0,0.0,0.0011267753923391711,2.875891257726536,0.0
sparse_40,Nuavg,xgboost_hist,black_box,0.702640360849316,0.0,0.0,0.0,0.0,0.0,0.0,0.0,2.068972358849609,0.0
sparse_60,Nuavg,ordinary_power_law,symbolic,0.5799442590487367,0.0,0.0,0.0,0.0,0.0,0.002721610045799281,0.014954294348771059,2.2179032481183127,0.0
sparse_60,Nuavg,complexity_penalized_symbolic_lasso,symbolic,0.6832595546984572,0.0,0.0,0.0,0.0,0.0,0.003296031748927199,0.014928646011882282,2.6964540061126137,0.0
sparse_60,Nuavg,certified_symbolic,symbolic,0.6832595546984572,0.0,0.0,0.0,0.0,0.0,0.003296031748927199,0.014928646011882282,2.6964540061126137,0.0
sparse_60,Nuavg,random_forest,black_box,0.7630569511166526,0.0,0.0,0.0,0.0,0.0,0.0,0.0011901068526367928,2.78850603228768,0.0
sparse_60,Nuavg,xgboost_hist,black_box,0.6617881110418424,0.0,0.0,0.0,0.0,0.0,0.0,0.0,2.004928459426087,0.0
sparse_80,Nuavg,ordinary_power_law,symbolic,0.5497744691774544,0.0,0.0,0.0,0.0,0.0,0.002758307123008512,0.015094644772900201,2.219818778366439,0.0
sparse_80,Nuavg,complexity_penalized_symbolic_lasso,symbolic,0.6574791888224724,0.0,0.0,0.0,0.0,0.0,0.003322397925589567,0.015017763666280916,2.686600555790606,0.0
sparse_80,Nuavg,certified_symbolic,symbolic,0.6574791888224724,0.0,0.0,0.0,0.0,0.0,0.003322397925589567,0.015017763666280916,2.686600555790606,0.0
sparse_80,Nuavg,random_forest,black_box,0.7632549781803514,0.0,0.0,0.0,0.0,0.0,0.0,0.0006495834006103542,2.7597682623569337,0.0
sparse_80,Nuavg,xgboost_hist,black_box,0.6686750522571417,0.0,0.0,0.0,0.0,0.0,0.0,0.0,1.9950112603555055,0.0
noise_1,Nuavg,ordinary_power_law,symbolic,0.5705746452015109,0.0,0.0,0.0,0.0,0.0,0.0027426663896692994,0.01499188406423649,2.2205843298599035,0.0
noise_1,Nuavg,complexity_penalized_symbolic_lasso,symbolic,0.666562763577689,0.0,0.0,0.0,0.0,0.0,0.0033244802901893356,0.014994764281179785,2.70919918193677,0.0
noise_1,Nuavg,certified_symbolic,symbolic,0.666562763577689,0.0,0.0,0.0,0.0,0.0,0.0033244802901893356,0.014994764281179785,2.70919918193677,0.0
noise_1,Nuavg,random_forest,black_box,0.6120613150463897,0.0,0.0,0.0,0.0,0.0,0.0,0.0040314674347740566,2.775793100764395,0.0
noise_1,Nuavg,xgboost_hist,black_box,0.6813011111518574,0.0,0.0,0.0,0.0,0.0,0.0,0.0,1.9926155416763753,0.0
noise_3,Nuavg,ordinary_power_law,symbolic,0.5667314532986176,0.0,0.0,0.0,0.0,0.0,0.002745119197885325,0.014986423022641613,2.22957954763755,0.0
noise_3,Nuavg,complexity_penalized_symbolic_lasso,symbolic,0.6648025230114781,0.0,0.0,0.0,0.0,0.0,0.003341660900838943,0.014980405981803769,2.721352222602451,0.0
noise_3,Nuavg,certified_symbolic,symbolic,0.6648025230114781,0.0,0.0,0.0,0.0,0.0,0.003341660900838943,0.014980405981803769,2.721352222602451,0.0
noise_3,Nuavg,random_forest,black_box,0.5937181414793354,0.0,0.0,0.0,0.0,0.0,0.0,0.006211520390441745,2.8184166026525994,0.0
noise_3,Nuavg,xgboost_hist,black_box,0.6685063625362132,0.0,0.0,0.0,0.0,0.0,0.0,0.0,1.9913980017871458,0.0
noise_5,Nuavg,ordinary_power_law,symbolic,0.5772195533389564,0.0,0.0,0.0,0.0,0.0,0.002740060316088415,0.014987293874745731,2.2278375112945747,0.0
noise_5,Nuavg,complexity_penalized_symbolic_lasso,symbolic,0.6599361912794749,0.0,0.0,0.0,0.0,0.0,0.0033164611627753892,0.01492789425500983,2.704802673636903,0.0
noise_5,Nuavg,certified_symbolic,symbolic,0.6599361912794749,0.0,0.0,0.0,0.0,0.0,0.0033164611627753892,0.01492789425500983,2.704802673636903,0.0
noise_5,Nuavg,random_forest,black_box,0.579760900656423,0.0,0.0,0.0,0.0,0.0,0.0,0.015283835685170638,2.8053105225263915,0.0
noise_5,Nuavg,xgboost_hist,black_box,0.7055594264549486,0.0,0.0,0.0,0.0,0.0,0.0,0.0,1.974536023537138,0.0
random80_20,DelP_Pa,ordinary_power_law,symbolic,0.2933257545197844,0.0,0.0,0.0,0.0,0.0,0.008456472168754158,0.04774351271995769,3.080088042144062,0.0
random80_20,DelP_Pa,complexity_penalized_symbolic_lasso,symbolic,0.40831713667534564,0.0,0.0,0.0,0.0,0.0,0.007888926694040206,0.04712291004225401,3.1743851949840565,0.0
random80_20,DelP_Pa,unconstrained_gp_sr,symbolic,0.6304961678096007,0.0,0.0,0.0,0.0,0.0,0.0044216884938287435,0.027247569167730506,2.484825570040256,0.0
random80_20,DelP_Pa,positive_complexity_gp_sr,symbolic,0.6374234478712091,0.0,0.0,0.0,0.0,0.0,0.004962750814705504,0.036136338875761474,2.2223168562394324,0.0
random80_20,DelP_Pa,certified_symbolic,symbolic,0.40831713667534564,0.0,0.0,0.0,0.0,0.0,0.007888926694040206,0.04712291004225401,3.1743851949840565,0.0
random80_20,DelP_Pa,random_forest,black_box,0.6961971469434157,0.0,0.0,0.0,0.0,0.0,0.0,0.00201164741734608,3.6638202096856287,0.0
random80_20,DelP_Pa,xgboost_hist,black_box,0.4635043455938978,0.0,0.0,0.0,0.0,0.0,0.0,0.0,1.993628513684633,0.0
range_re_high_holdout,DelP_Pa,ordinary_power_law,symbolic,0.6646807770586272,0.0,0.0,0.0,0.0,0.0,0.00825844336366387,0.03821480080000139,2.321799677970294,0.0
range_re_high_holdout,DelP_Pa,complexity_penalized_symbolic_lasso,symbolic,0.5557299475262368,0.0,0.0,0.0,0.0,0.0,0.007087856304176748,0.03732764057119257,2.2843894028538756,0.0
range_re_high_holdout,DelP_Pa,unconstrained_gp_sr,symbolic,0.7014420613769148,0.0,0.0,0.0,0.0,0.0,0.00417658698652414,0.019544546556974792,2.635829409664202,0.0
range_re_high_holdout,DelP_Pa,positive_complexity_gp_sr,symbolic,0.6832000789655513,0.0,0.0,0.0,0.0,0.0,0.004936696251330195,0.02879520915166327,2.7973065625718765,0.0
range_re_high_holdout,DelP_Pa,certified_symbolic,symbolic,0.5557299475262368,0.0,0.0,0.0,0.0,0.0,0.007087856304176748,0.03732764057119257,2.2843894028538756,0.0
range_re_high_holdout,DelP_Pa,random_forest,black_box,0.7113785599127619,0.0,0.0,0.0,0.0,0.0,0.0,0.0007821536447143399,2.7842541047615845,0.0
range_re_high_holdout,DelP_Pa,xgboost_hist,black_box,0.7251787300647236,0.0,0.0,0.0,0.0,0.0,0.0,0.0,1.478347168852319,0.0
geometry_holdout,DelP_Pa,ordinary_power_law,symbolic,0.16821525358110723,0.0,0.0,0.0,0.0,0.0,0.008435124357801586,0.047929286071278464,3.4122915989472937,0.0
geometry_holdout,DelP_Pa,complexity_penalized_symbolic_lasso,symbolic,0.47601179308496383,0.0,0.0,0.0,0.0,0.0,0.007916721996789337,0.047731772410310264,3.3173415039457987,0.0
geometry_holdout,DelP_Pa,unconstrained_gp_sr,symbolic,0.5532911481900452,0.0,0.0,0.0,0.0,0.0,0.004936369305810178,0.0349545236675729,3.138422892487771,0.0
geometry_holdout,DelP_Pa,positive_complexity_gp_sr,symbolic,0.5532911481900452,0.0,0.0,0.0,0.0,0.0,0.005017281387041208,0.03675523011587454,3.1927846236231954,0.0
geometry_holdout,DelP_Pa,certified_symbolic,symbolic,0.47601179308496383,0.0,0.0,0.0,0.0,0.0,0.007916721996789337,0.047731772410310264,3.3173415039457987,0.0
geometry_holdout,DelP_Pa,random_forest,black_box,0.9132582864290182,0.0,0.0,0.0,0.0,0.0,0.0,0.002370304592610221,3.5327848063887166,0.0
geometry_holdout,DelP_Pa,xgboost_hist,black_box,0.8143244289585754,0.0,0.0,0.0,0.0,0.0,0.0,0.0,2.1657046820890815,0.0
sparse_20,DelP_Pa,ordinary_power_law,symbolic,0.3543987678316037,0.0,0.0,0.0,0.0,0.0,0.008523128698646309,0.047127348542864,2.675496855094946,0.0
sparse_20,DelP_Pa,complexity_penalized_symbolic_lasso,symbolic,0.4692801349517768,0.0,0.0,0.0,0.0,0.0,0.007786306586616483,0.04639785111625647,2.9490768500135314,0.0
sparse_20,DelP_Pa,certified_symbolic,symbolic,0.4692801349517768,0.0,0.0,0.0,0.0,0.0,0.007786306586616483,0.04639785111625647,2.9490768500135314,0.0
sparse_20,DelP_Pa,random_forest,black_box,0.7352854890168323,0.0,0.0,0.0,0.0,0.0,0.0,0.003112593804870366,3.4280814865319242,0.0
sparse_20,DelP_Pa,xgboost_hist,black_box,0.5315266419744031,0.0,0.0,0.0,0.001953125,0.0,0.0,0.0,1.983232641458296,0.000390625
sparse_40,DelP_Pa,ordinary_power_law,symbolic,0.3234955443910667,0.0,0.0,0.0,0.0,0.0,0.008365892464748174,0.04768038334857749,3.0340131893487503,0.0
sparse_40,DelP_Pa,complexity_penalized_symbolic_lasso,symbolic,0.45669074773552387,0.0,0.0,0.0,0.0,0.0,0.007816365032633115,0.04695710428713777,3.290611094369409,0.0
sparse_40,DelP_Pa,certified_symbolic,symbolic,0.45669074773552387,0.0,0.0,0.0,0.0,0.0,0.007816365032633115,0.04695710428713777,3.290611094369409,0.0
sparse_40,DelP_Pa,random_forest,black_box,0.7182808317136675,0.0,0.0,0.0,0.0,0.0,0.0,0.0021139581996717583,3.6759065417647063,0.0
sparse_40,DelP_Pa,xgboost_hist,black_box,0.45266786460816316,0.0,0.0,0.0,0.0,0.0,0.0,0.0,2.0816500862263787,0.0
sparse_60,DelP_Pa,ordinary_power_law,symbolic,0.3240529539037002,0.0,0.0,0.0,0.0,0.0,0.00848955268643111,0.047485647276230676,3.092887172540128,0.0
sparse_60,DelP_Pa,complexity_penalized_symbolic_lasso,symbolic,0.41309912354688477,0.0,0.0,0.0,0.0,0.0,0.007859634394627163,0.04676225152377035,3.16002936244505,0.0
sparse_60,DelP_Pa,certified_symbolic,symbolic,0.41309912354688477,0.0,0.0,0.0,0.0,0.0,0.007859634394627163,0.04676225152377035,3.16002936244505,0.0
sparse_60,DelP_Pa,random_forest,black_box,0.7034801422861126,0.0,0.0,0.0,0.0,0.0,0.0,0.0013055113762568723,3.6006371526146186,0.0
sparse_60,DelP_Pa,xgboost_hist,black_box,0.428534233011845,0.0,0.0,0.0,0.001953125,0.0,0.0,0.0,1.9555810417612192,0.000390625
sparse_80,DelP_Pa,ordinary_power_law,symbolic,0.33553852359822506,0.0,0.0,0.0,0.0,0.0,0.008398931444592169,0.047264854462991265,3.0443070540583443,0.0
sparse_80,DelP_Pa,complexity_penalized_symbolic_lasso,symbolic,0.4132128057501192,0.0,0.0,0.0,0.0,0.0,0.007860926669660227,0.047365907776715815,3.2351154130057727,0.0
sparse_80,DelP_Pa,certified_symbolic,symbolic,0.4132128057501192,0.0,0.0,0.0,0.0,0.0,0.007860926669660227,0.047365907776715815,3.2351154130057727,0.0
sparse_80,DelP_Pa,random_forest,black_box,0.713370493967509,0.0,0.0,0.0,0.0,0.0,0.0,0.0019947220575019706,3.6626397188370285,0.0
sparse_80,DelP_Pa,xgboost_hist,black_box,0.5076497121273241,0.0,0.0,0.0,0.0,0.0,0.0,0.0,2.0130141643363477,0.0
noise_1,DelP_Pa,ordinary_power_law,symbolic,0.2933257545197844,0.0,0.0,0.0,0.0,0.0,0.008453243786645644,0.04774697783339657,3.075359424130794,0.0
noise_1,DelP_Pa,complexity_penalized_symbolic_lasso,symbolic,0.4105614433972643,0.0,0.0,0.0,0.0,0.0,0.007893151015234558,0.047121847995591035,3.1690011959941873,0.0
noise_1,DelP_Pa,certified_symbolic,symbolic,0.4105614433972643,0.0,0.0,0.0,0.0,0.0,0.007893151015234558,0.047121847995591035,3.1690011959941873,0.0
noise_1,DelP_Pa,random_forest,black_box,0.5387656313029447,0.0,0.0,0.0,0.0,0.0,0.0,0.0027287318271894657,3.6535294705516295,0.0
noise_1,DelP_Pa,xgboost_hist,black_box,0.5495471047709853,0.0,0.0,0.0,0.01171875,0.0,0.0,0.0,1.973556351469029,0.00234375
noise_3,DelP_Pa,ordinary_power_law,symbolic,0.2983681103084088,0.0,0.0,0.0,0.0,0.0,0.00846314252431373,0.04774641591222481,3.0978433911749486,0.0
noise_3,DelP_Pa,complexity_penalized_symbolic_lasso,symbolic,0.40621218233158535,0.0,0.0,0.0,0.0,0.0,0.007889934580222913,0.04711137999367903,3.1830393387676965,0.0
noise_3,DelP_Pa,certified_symbolic,symbolic,0.40621218233158535,0.0,0.0,0.0,0.0,0.0,0.007889934580222913,0.04711137999367903,3.1830393387676965,0.0
noise_3,DelP_Pa,random_forest,black_box,0.5174813891231802,0.0,0.0,0.0,0.0,0.0,0.0,0.012881948836373064,3.635644425238397,0.0
noise_3,DelP_Pa,xgboost_hist,black_box,0.5212182331585318,0.0,0.0,0.0,0.0078125,0.0,0.0,0.0,1.9637849298044665,0.0015625
noise_5,DelP_Pa,ordinary_power_law,symbolic,0.2937144743114893,0.0,0.0,0.0,0.0,0.0,0.008450829984040183,0.047744753892230284,3.078484156147847,0.0
noise_5,DelP_Pa,complexity_penalized_symbolic_lasso,symbolic,0.4084234845428875,0.0,0.0,0.0,0.0,0.0,0.00789843733237841,0.04718362694846755,3.1804350367325056,0.0
noise_5,DelP_Pa,certified_symbolic,symbolic,0.4084234845428875,0.0,0.0,0.0,0.0,0.0,0.00789843733237841,0.04718362694846755,3.1804350367325056,0.0
noise_5,DelP_Pa,random_forest,black_box,0.525384135831897,0.0,0.0,0.0,0.0,0.0,0.0,0.010869872174457505,3.630028551449855,0.0
noise_5,DelP_Pa,xgboost_hist,black_box,0.5172833620594814,0.0,0.0,0.0,0.00390625,0.0,0.0,0.0,1.973821848907506,0.00078125
