experiment,target,model,family,MAE,RMSE,MAPE,R2,complexity,physics_violation_rate,sensitivity_p95,extrapolation_stability_index,high_error_detection_AUROC,gpu_requested,gpu_used,expression,notes
random80_20,Nuavg,ordinary_power_law,symbolic,1.2487168587163053,2.4570252803150803,6.394868534202937,0.9324444456637333,8.0,0.0,0.014987213832267253,2.2197361431172613,0.5677142542814185,False,False,Nuavg = 2.3467225 Re^{0.283971} Pr^{0.30202} Da^{-0.00530776} porosity^{0.00486512} thickness^{0.154499} exp(-0.127552amplitude) exp(-0.00422773wavelength),Log-linear ordinary least-squares power-law correlation.
random80_20,Nuavg,complexity_penalized_symbolic_lasso,symbolic,0.6718651880423969,1.5481488587583756,2.9226741953113153,0.9731794767735946,14.0,0.0,0.015011241245238515,2.7157022553946173,0.6649968829073306,False,False,Nuavg = exp(1.43162 + 3.59484e-06 Re + 0.0436888 log(Re) + 0.0216365 sqrt(Re) + 0.00207842 Pr + 0.0106042 sqrt(Pr) - 0.00160132 log(Da) - 1.43648 sqrt(Da) + 0.877235 thickness - 0.124085 amplitude - 0.00350011 wavelength + 0.0505118 log(Re)log(Pr) + 0.00058907 log(Re)log(Da) - 0.000102195 log(Pr)log(Da)),"Sparse log-target model over raw, log, sqrt and log-product basis terms."
random80_20,Nuavg,unconstrained_gp_sr,symbolic,3.6682491153218284,5.264252135522736,21.135621450145756,0.6898904248235476,8.0,0.0,0.008951803533075106,1.7042658041154768,0.5095236348967692,False,False,"Nuavg = add(sqrt(add(Re, Pr)), abs(sqrt(Pr)))",Unconstrained genetic-programming symbolic regression.
random80_20,Nuavg,positive_complexity_gp_sr,symbolic,5.221110507053577,7.071305036646488,31.382998337512248,0.4404473512232788,13.0,0.0,0.010418884263588099,1.4400196867193578,0.46531592650995635,False,False,"Nuavg = exp(sqrt(mul(1.334, add(add(mul(1.334, add(log(Pr), porosity)), porosity), porosity))))","Complexity-penalized GP-SR on log target, enforcing positive predictions."
random80_20,Nuavg,certified_symbolic,symbolic,0.6718651880423969,1.5481488587583756,2.9226741953113153,0.9731794767735946,14.0,0.0,0.015011241245238515,2.7157022553946173,0.6649968829073306,False,False,Nuavg = exp(1.43162 + 3.59484e-06 Re + 0.0436888 log(Re) + 0.0216365 sqrt(Re) + 0.00207842 Pr + 0.0106042 sqrt(Pr) - 0.00160132 log(Da) - 1.43648 sqrt(Da) + 0.877235 thickness - 0.124085 amplitude - 0.00350011 wavelength + 0.0505118 log(Re)log(Pr) + 0.00058907 log(Re)log(Da) - 0.000102195 log(Pr)log(Da)),"Reliability-aware selection of complexity_penalized_symbolic_lasso: Sparse log-target model over raw, log, sqrt and log-product basis terms."
random80_20,Nuavg,random_forest,black_box,0.044698950379606944,0.15544065321518635,0.17971405056373138,0.9997296221953851,1823118.0,0.0,0.001037046418615133,2.7637983106195465,0.7576625472147861,False,False,Nuavg = RandomForestRegressor(...),Accuracy reference; not a publishable explicit correlation.
random80_20,Nuavg,xgboost_hist,black_box,0.19001221405492694,0.394401372984959,0.9389198853976117,0.9982593211665841,600.0,0.0,0.0,2.0007024935024957,0.6516850636253622,True,True,Nuavg = XGBRegressor(...),XGBoost baseline requested CUDA device on the RTX GPU.
range_re_high_holdout,Nuavg,ordinary_power_law,symbolic,3.2346499813622125,5.1539865393506155,9.67579278627449,0.768362161645028,8.0,0.0,0.011756058306085122,2.002158790416685,0.8180149564514385,False,False,Nuavg = 2.6304803 Re^{0.262279} Pr^{0.280537} Da^{-0.00616637} porosity^{-0.00250708} thickness^{0.150924} exp(-0.181898amplitude) exp(7.1233e-05wavelength),Log-linear ordinary least-squares power-law correlation.
range_re_high_holdout,Nuavg,complexity_penalized_symbolic_lasso,symbolic,1.559578262654635,2.4406099961080967,5.314137014828364,0.9480578747783969,15.0,0.0,0.011741189062127531,2.2705177275607005,0.5619738567621304,False,False,Nuavg = exp(1.40773 + 0.000389507 Re + 0.073565 log(Re) + 0.00672886 sqrt(Re) + 0.00250404 Pr + 0.00791648 sqrt(Pr) - 7.97156 Da - 0.000378902 log(Da) - 1.43814 sqrt(Da) + 0.865785 thickness - 0.177423 amplitude + 0.0501883 log(Re)log(Pr) + 0.00032172 log(Re)log(Da) - 0.00121759 log(Re)log(porosity) - 0.000521767 log(Pr)log(thickness)),"Sparse log-target model over raw, log, sqrt and log-product basis terms."
range_re_high_holdout,Nuavg,unconstrained_gp_sr,symbolic,7.193052448882347,10.197105580828115,22.222725228349454,0.09327252517476525,13.0,0.0,0.006090146890935863,1.4971555752423713,0.8130420068530818,False,False,"Nuavg = add(add(sqrt(Pr), abs(log(Re))), add(log(Pr), abs(log(Re))))",Unconstrained genetic-programming symbolic regression.
range_re_high_holdout,Nuavg,positive_complexity_gp_sr,symbolic,13.930643658715743,15.397332960978982,54.34219816518705,-1.06734970351663,9.0,0.0,0.011992471117629732,1.6954249922098628,0.5659315349869096,False,False,"Nuavg = exp(sqrt(mul(1.334, mul(1.334, add(log(Pr), porosity)))))","Complexity-penalized GP-SR on log target, enforcing positive predictions."
range_re_high_holdout,Nuavg,certified_symbolic,symbolic,1.559578262654635,2.4406099961080967,5.314137014828364,0.9480578747783969,15.0,0.0,0.011741189062127531,2.2705177275607005,0.5619738567621304,False,False,Nuavg = exp(1.40773 + 0.000389507 Re + 0.073565 log(Re) + 0.00672886 sqrt(Re) + 0.00250404 Pr + 0.00791648 sqrt(Pr) - 7.97156 Da - 0.000378902 log(Da) - 1.43814 sqrt(Da) + 0.865785 thickness - 0.177423 amplitude + 0.0501883 log(Re)log(Pr) + 0.00032172 log(Re)log(Da) - 0.00121759 log(Re)log(porosity) - 0.000521767 log(Pr)log(thickness)),"Reliability-aware selection of complexity_penalized_symbolic_lasso: Sparse log-target model over raw, log, sqrt and log-product basis terms."
range_re_high_holdout,Nuavg,random_forest,black_box,6.0235867476128515,7.0989760555741865,22.253184267641036,0.5605450444887246,1695708.0,0.0,0.0005016366970536626,2.417372342310649,0.7617708024874148,False,False,Nuavg = RandomForestRegressor(...),Accuracy reference; not a publishable explicit correlation.
range_re_high_holdout,Nuavg,xgboost_hist,black_box,6.025996493187216,7.0885238047939225,22.266201759421243,0.5618381639116359,600.0,0.0,0.0,1.710092165728258,0.7615545872874863,True,True,Nuavg = XGBRegressor(...),XGBoost baseline requested CUDA device on the RTX GPU.
geometry_holdout,Nuavg,ordinary_power_law,symbolic,1.428502861213888,2.9345037137555368,6.865548901284613,0.9095690027236265,8.0,0.0,0.015232167097674863,2.24694342037879,0.5416152952738318,False,False,Nuavg = 2.3360084 Re^{0.28443} Pr^{0.300937} Da^{-0.00494506} porosity^{-0.0065046} thickness^{0.15064} exp(-0.204312amplitude) exp(-0.000743547wavelength),Log-linear ordinary least-squares power-law correlation.
geometry_holdout,Nuavg,complexity_penalized_symbolic_lasso,symbolic,0.7583057606820098,1.9712414885836336,2.982050066387313,0.959193658888268,14.0,0.0,0.015064788298817718,2.720434623989243,0.6993835432859823,False,False,Nuavg = exp(1.40214 + 5.55469e-05 Re + 0.0573371 log(Re) + 0.0183912 sqrt(Re) + 0.00172736 Pr + 0.0171834 sqrt(Pr) - 0.00190231 log(Da) - 1.35017 sqrt(Da) + 0.844883 thickness - 0.175864 amplitude - 0.0021946 wavelength + 0.0490286 log(Re)log(Pr) + 0.000617299 log(Re)log(Da) - 0.0011719 log(Re)log(porosity)),"Sparse log-target model over raw, log, sqrt and log-product basis terms."
geometry_holdout,Nuavg,unconstrained_gp_sr,symbolic,3.7891571418828867,5.107228970477029,20.861764885247492,0.7260832115957014,9.0,0.0,0.010830046481707899,1.933121789835007,0.5207123499806426,False,False,"Nuavg = add(sqrt(add(Re, Pr)), abs(mul(amplitude, Pr)))",Unconstrained genetic-programming symbolic regression.
geometry_holdout,Nuavg,positive_complexity_gp_sr,symbolic,5.413655718210457,7.462906584631737,29.83531273756304,0.41512372590223023,13.0,0.0,0.01040170976068811,1.6303545450408379,0.5398046398046398,False,False,"Nuavg = exp(sqrt(mul(1.334, add(add(mul(1.334, add(log(Pr), porosity)), porosity), porosity))))","Complexity-penalized GP-SR on log target, enforcing positive predictions."
geometry_holdout,Nuavg,certified_symbolic,symbolic,0.7583057606820098,1.9712414885836336,2.982050066387313,0.959193658888268,14.0,0.0,0.015064788298817718,2.720434623989243,0.6993835432859823,False,False,Nuavg = exp(1.40214 + 5.55469e-05 Re + 0.0573371 log(Re) + 0.0183912 sqrt(Re) + 0.00172736 Pr + 0.0171834 sqrt(Pr) - 0.00190231 log(Da) - 1.35017 sqrt(Da) + 0.844883 thickness - 0.175864 amplitude - 0.0021946 wavelength + 0.0490286 log(Re)log(Pr) + 0.000617299 log(Re)log(Da) - 0.0011719 log(Re)log(porosity)),"Reliability-aware selection of complexity_penalized_symbolic_lasso: Sparse log-target model over raw, log, sqrt and log-product basis terms."
geometry_holdout,Nuavg,random_forest,black_box,0.7348479528808619,1.7763350638838298,2.547261480956536,0.9668641763224449,1758936.0,0.0,0.0005524359302203707,2.8118289790540314,0.7727657166681556,False,False,Nuavg = RandomForestRegressor(...),Accuracy reference; not a publishable explicit correlation.
geometry_holdout,Nuavg,xgboost_hist,black_box,0.5071396776154637,1.1775408739832234,1.9573856099780609,0.9854387058411296,600.0,0.0,0.0,2.0580719229042854,0.8382917895113017,True,True,Nuavg = XGBRegressor(...),XGBoost baseline requested CUDA device on the RTX GPU.
sparse_20,Nuavg,ordinary_power_law,symbolic,1.2670914273705158,2.401808083200952,6.582537808839163,0.9354467047965755,8.0,0.0,0.014933969774455201,2.205081051569971,0.5991162125490483,False,False,Nuavg = 2.3357102 Re^{0.282447} Pr^{0.304111} Da^{-0.00424435} porosity^{-0.0597556} thickness^{0.15393} exp(-0.0278585amplitude) exp(-0.00720884wavelength),Log-linear ordinary least-squares power-law correlation.
sparse_20,Nuavg,complexity_penalized_symbolic_lasso,symbolic,0.6822858673258585,1.5352598086609677,2.967994426465696,0.9736242040969706,14.0,0.0,0.014725837183194526,2.665157142440587,0.6440536873372694,False,False,Nuavg = exp(1.44048 + 6.98611e-05 Re + 0.0493088 log(Re) + 0.0183211 sqrt(Re) + 0.00293608 Pr - 0.00140695 log(Da) - 1.52753 sqrt(Da) + 0.889613 thickness - 0.0997277 amplitude - 0.00471662 wavelength + 0.0516587 log(Re)log(Pr) + 0.00067115 log(Re)log(Da) - 0.00722031 log(Re)log(porosity) - 0.00121674 log(Pr)log(thickness)),"Sparse log-target model over raw, log, sqrt and log-product basis terms."
sparse_20,Nuavg,certified_symbolic,symbolic,0.6822858673258585,1.5352598086609677,2.967994426465696,0.9736242040969706,14.0,0.0,0.014725837183194526,2.665157142440587,0.6440536873372694,False,False,Nuavg = exp(1.44048 + 6.98611e-05 Re + 0.0493088 log(Re) + 0.0183211 sqrt(Re) + 0.00293608 Pr - 0.00140695 log(Da) - 1.52753 sqrt(Da) + 0.889613 thickness - 0.0997277 amplitude - 0.00471662 wavelength + 0.0516587 log(Re)log(Pr) + 0.00067115 log(Re)log(Da) - 0.00722031 log(Re)log(porosity) - 0.00121674 log(Pr)log(thickness)),"Reliability-aware selection of complexity_penalized_symbolic_lasso: Sparse log-target model over raw, log, sqrt and log-product basis terms."
sparse_20,Nuavg,random_forest,black_box,0.2681240875813499,0.6392861017264325,1.1962625739466888,0.9954266721307446,369470.0,0.0,0.0017402315450659274,2.7213918422761147,0.7028750595914776,False,False,Nuavg = RandomForestRegressor(...),Accuracy reference; not a publishable explicit correlation.
sparse_20,Nuavg,xgboost_hist,black_box,0.2535780934381382,0.5464492258671594,1.3043639296371126,0.996658500179085,600.0,0.0,0.0,1.9399243269095243,0.6662730573178335,True,True,Nuavg = XGBRegressor(...),XGBoost baseline requested CUDA device on the RTX GPU.
sparse_40,Nuavg,ordinary_power_law,symbolic,1.2734604485917267,2.516453745609149,6.405883323786597,0.929136970300728,8.0,0.0,0.014934081463502358,2.2342674611705626,0.5660676959184422,False,False,Nuavg = 2.3432487 Re^{0.283779} Pr^{0.297006} Da^{-0.00638006} porosity^{0.0218271} thickness^{0.151838} exp(-0.112925amplitude) exp(-0.00417913wavelength),Log-linear ordinary least-squares power-law correlation.
sparse_40,Nuavg,complexity_penalized_symbolic_lasso,symbolic,0.6773653304062641,1.5616918596922273,2.9278262656177665,0.9727081795664831,15.0,0.0,0.014995362064360317,2.739939680318297,0.6804686640507536,False,False,Nuavg = exp(1.43518 + 0.0398701 log(Re) + 0.0212705 sqrt(Re) + 0.00234264 Pr + 0.00773149 sqrt(Pr) - 0.000472475 log(Da) - 1.46735 sqrt(Da) + 0.00870108 log(porosity) + 0.910278 thickness - 0.134977 amplitude - 0.00291223 wavelength + 0.0505041 log(Re)log(Pr) + 0.000337144 log(Re)log(Da) - 0.00233438 log(Re)log(thickness) - 0.000252825 log(Pr)log(Da)),"Sparse log-target model over raw, log, sqrt and log-product basis terms."
sparse_40,Nuavg,certified_symbolic,symbolic,0.6773653304062641,1.5616918596922273,2.9278262656177665,0.9727081795664831,15.0,0.0,0.014995362064360317,2.739939680318297,0.6804686640507536,False,False,Nuavg = exp(1.43518 + 0.0398701 log(Re) + 0.0212705 sqrt(Re) + 0.00234264 Pr + 0.00773149 sqrt(Pr) - 0.000472475 log(Da) - 1.46735 sqrt(Da) + 0.00870108 log(porosity) + 0.910278 thickness - 0.134977 amplitude - 0.00291223 wavelength + 0.0505041 log(Re)log(Pr) + 0.000337144 log(Re)log(Da) - 0.00233438 log(Re)log(thickness) - 0.000252825 log(Pr)log(Da)),"Reliability-aware selection of complexity_penalized_symbolic_lasso: Sparse log-target model over raw, log, sqrt and log-product basis terms."
sparse_40,Nuavg,random_forest,black_box,0.17976208351409606,0.4921265202896201,0.7406094031211936,0.9972898373800975,736132.0,0.0,0.0011267753923391711,2.875891257726536,0.7282408595841432,False,False,Nuavg = RandomForestRegressor(...),Accuracy reference; not a publishable explicit correlation.
sparse_40,Nuavg,xgboost_hist,black_box,0.21820439687633722,0.42987927422256145,1.0466507614414786,0.9979320747980144,600.0,0.0,0.0,2.068972358849609,0.702640360849316,True,True,Nuavg = XGBRegressor(...),XGBoost baseline requested CUDA device on the RTX GPU.
sparse_60,Nuavg,ordinary_power_law,symbolic,1.2525992234543557,2.5138217808068593,6.302413493000119,0.9292851243966893,8.0,0.0,0.014954294348771059,2.2179032481183127,0.5799442590487367,False,False,Nuavg = 2.3738869 Re^{0.283236} Pr^{0.300047} Da^{-0.00471407} porosity^{0.00135874} thickness^{0.155772} exp(-0.138036amplitude) exp(-0.00363272wavelength),Log-linear ordinary least-squares power-law correlation.
sparse_60,Nuavg,complexity_penalized_symbolic_lasso,symbolic,0.6714097175603009,1.5695570597132364,2.911964849471535,0.9724325859352505,14.0,0.0,0.014928646011882282,2.6964540061126137,0.6832595546984572,False,False,Nuavg = exp(1.40359 + 5.60195e-05 Re + 0.0520238 log(Re) + 0.018393 sqrt(Re) + 0.00220857 Pr + 0.0104103 sqrt(Pr) - 38.1065 Da - 0.00201744 log(Da) + 0.885138 thickness - 0.146409 amplitude - 0.00252326 wavelength + 0.050247 log(Re)log(Pr) + 0.000436431 log(Re)log(Da) - 0.000593971 log(Pr)log(thickness)),"Sparse log-target model over raw, log, sqrt and log-product basis terms."
sparse_60,Nuavg,certified_symbolic,symbolic,0.6714097175603009,1.5695570597132364,2.911964849471535,0.9724325859352505,14.0,0.0,0.014928646011882282,2.6964540061126137,0.6832595546984572,False,False,Nuavg = exp(1.40359 + 5.60195e-05 Re + 0.0520238 log(Re) + 0.018393 sqrt(Re) + 0.00220857 Pr + 0.0104103 sqrt(Pr) - 38.1065 Da - 0.00201744 log(Da) + 0.885138 thickness - 0.146409 amplitude - 0.00252326 wavelength + 0.050247 log(Re)log(Pr) + 0.000436431 log(Re)log(Da) - 0.000593971 log(Pr)log(thickness)),"Reliability-aware selection of complexity_penalized_symbolic_lasso: Sparse log-target model over raw, log, sqrt and log-product basis terms."
sparse_60,Nuavg,random_forest,black_box,0.09592476165943449,0.31346332800126275,0.3998596138046015,0.998900449216494,1098064.0,0.0,0.0011901068526367928,2.78850603228768,0.7630569511166526,False,False,Nuavg = RandomForestRegressor(...),Accuracy reference; not a publishable explicit correlation.
sparse_60,Nuavg,xgboost_hist,black_box,0.19149491152649592,0.3961594736361589,0.9512309665951003,0.9982437679274823,600.0,0.0,0.0,2.004928459426087,0.6617881110418424,True,True,Nuavg = XGBRegressor(...),XGBoost baseline requested CUDA device on the RTX GPU.
sparse_80,Nuavg,ordinary_power_law,symbolic,1.23718166058346,2.4378273298386177,6.381522013227232,0.9334960110888699,8.0,0.0,0.015094644772900201,2.219818778366439,0.5497744691774544,False,False,Nuavg = 2.3206085 Re^{0.286227} Pr^{0.301773} Da^{-0.00541131} porosity^{-0.00104025} thickness^{0.15453} exp(-0.13788amplitude) exp(-0.00424734wavelength),Log-linear ordinary least-squares power-law correlation.
sparse_80,Nuavg,complexity_penalized_symbolic_lasso,symbolic,0.6673068932390482,1.5647472070025221,2.904656238666193,0.9726012858034957,16.0,0.0,0.015017763666280916,2.686600555790606,0.6574791888224724,False,False,Nuavg = exp(1.42596 + 7.38651e-05 Re + 0.0508726 log(Re) + 0.0184778 sqrt(Re) + 0.00162706 Pr + 0.016864 sqrt(Pr) - 0.76152 Da - 0.000204031 log(Da) - 1.54591 sqrt(Da) + 0.000498889 porosity + 0.875483 thickness - 0.138208 amplitude - 0.00290768 wavelength + 0.0494743 log(Re)log(Pr) + 0.000380747 log(Re)log(Da) - 0.000336676 log(Pr)log(thickness)),"Sparse log-target model over raw, log, sqrt and log-product basis terms."
sparse_80,Nuavg,certified_symbolic,symbolic,0.6673068932390482,1.5647472070025221,2.904656238666193,0.9726012858034957,16.0,0.0,0.015017763666280916,2.686600555790606,0.6574791888224724,False,False,Nuavg = exp(1.42596 + 7.38651e-05 Re + 0.0508726 log(Re) + 0.0184778 sqrt(Re) + 0.00162706 Pr + 0.016864 sqrt(Pr) - 0.76152 Da - 0.000204031 log(Da) - 1.54591 sqrt(Da) + 0.000498889 porosity + 0.875483 thickness - 0.138208 amplitude - 0.00290768 wavelength + 0.0494743 log(Re)log(Pr) + 0.000380747 log(Re)log(Da) - 0.000336676 log(Pr)log(thickness)),"Reliability-aware selection of complexity_penalized_symbolic_lasso: Sparse log-target model over raw, log, sqrt and log-product basis terms."
sparse_80,Nuavg,random_forest,black_box,0.07147408188719973,0.2586065620329501,0.2990702489677753,0.9992516222043171,1466094.0,0.0,0.0006495834006103542,2.7597682623569337,0.7632549781803514,False,False,Nuavg = RandomForestRegressor(...),Accuracy reference; not a publishable explicit correlation.
sparse_80,Nuavg,xgboost_hist,black_box,0.2012574584183104,0.41864111384016023,1.0031917575178935,0.9980387833728661,600.0,0.0,0.0,1.9950112603555055,0.6686750522571417,True,True,Nuavg = XGBRegressor(...),XGBoost baseline requested CUDA device on the RTX GPU.
noise_1,Nuavg,ordinary_power_law,symbolic,1.2487178182604233,2.461087810315367,6.388706342208709,0.9322208636289979,8.0,0.0,0.01499188406423649,2.2205843298599035,0.5705746452015109,False,False,Nuavg = 2.3456209 Re^{0.283914} Pr^{0.301882} Da^{-0.00539812} porosity^{0.00229049} thickness^{0.154656} exp(-0.132063amplitude) exp(-0.00415062wavelength),Log-linear ordinary least-squares power-law correlation.
noise_1,Nuavg,complexity_penalized_symbolic_lasso,symbolic,0.6705926195270281,1.550613145958713,2.91731358220117,0.9730940249459945,14.0,0.0,0.014994764281179785,2.70919918193677,0.666562763577689,False,False,Nuavg = exp(1.43809 + 5.82193e-06 Re + 0.0437987 log(Re) + 0.0213883 sqrt(Re) + 0.00210321 Pr + 0.0102777 sqrt(Pr) - 0.000782946 log(Da) - 1.49326 sqrt(Da) + 0.878341 thickness - 0.128448 amplitude - 0.00342824 wavelength + 0.0504174 log(Re)log(Pr) + 0.000479034 log(Re)log(Da) - 0.000153858 log(Pr)log(Da)),"Sparse log-target model over raw, log, sqrt and log-product basis terms."
noise_1,Nuavg,certified_symbolic,symbolic,0.6705926195270281,1.550613145958713,2.91731358220117,0.9730940249459945,14.0,0.0,0.014994764281179785,2.70919918193677,0.666562763577689,False,False,Nuavg = exp(1.43809 + 5.82193e-06 Re + 0.0437987 log(Re) + 0.0213883 sqrt(Re) + 0.00210321 Pr + 0.0102777 sqrt(Pr) - 0.000782946 log(Da) - 1.49326 sqrt(Da) + 0.878341 thickness - 0.128448 amplitude - 0.00342824 wavelength + 0.0504174 log(Re)log(Pr) + 0.000479034 log(Re)log(Da) - 0.000153858 log(Pr)log(Da)),"Reliability-aware selection of complexity_penalized_symbolic_lasso: Sparse log-target model over raw, log, sqrt and log-product basis terms."
noise_1,Nuavg,random_forest,black_box,0.11441995269016367,0.20755431534659924,0.5996565461098468,0.9995179352820334,1863308.0,0.0,0.0040314674347740566,2.775793100764395,0.6120613150463897,False,False,Nuavg = RandomForestRegressor(...),Accuracy reference; not a publishable explicit correlation.
noise_1,Nuavg,xgboost_hist,black_box,0.24241140874999206,0.4758807423187648,1.173680290071074,0.9974658164188964,300.0,0.0,0.0,1.9926155416763753,0.6813011111518574,True,True,Nuavg = XGBRegressor(...),XGBoost baseline requested CUDA device on the RTX GPU.
noise_3,Nuavg,ordinary_power_law,symbolic,1.2457889660029255,2.4490286244281925,6.389735765615996,0.9328834638746103,8.0,0.0,0.014986423022641613,2.22957954763755,0.5667314532986176,False,False,Nuavg = 2.3537022 Re^{0.284217} Pr^{0.302645} Da^{-0.00523427} porosity^{0.0111098} thickness^{0.155834} exp(-0.12188amplitude) exp(-0.00488734wavelength),Log-linear ordinary least-squares power-law correlation.
noise_3,Nuavg,complexity_penalized_symbolic_lasso,symbolic,0.6721654779043362,1.5407578411577167,2.9454551665714717,0.9734349532038961,15.0,0.0,0.014980405981803769,2.721352222602451,0.6648025230114781,False,False,Nuavg = exp(1.42581 + 6.42194e-05 Re + 0.053045 log(Re) + 0.0180591 sqrt(Re) + 0.00201611 Pr + 0.00974292 sqrt(Pr) - 9.33961e-05 log(Da) - 1.5294 sqrt(Da) + 0.00129342 porosity + 0.884133 thickness - 0.118532 amplitude - 0.0041552 wavelength + 0.0508154 log(Re)log(Pr) + 0.000461619 log(Re)log(Da) - 0.000269814 log(Pr)log(Da)),"Sparse log-target model over raw, log, sqrt and log-product basis terms."
noise_3,Nuavg,certified_symbolic,symbolic,0.6721654779043362,1.5407578411577167,2.9454551665714717,0.9734349532038961,15.0,0.0,0.014980405981803769,2.721352222602451,0.6648025230114781,False,False,Nuavg = exp(1.42581 + 6.42194e-05 Re + 0.053045 log(Re) + 0.0180591 sqrt(Re) + 0.00201611 Pr + 0.00974292 sqrt(Pr) - 9.33961e-05 log(Da) - 1.5294 sqrt(Da) + 0.00129342 porosity + 0.884133 thickness - 0.118532 amplitude - 0.0041552 wavelength + 0.0508154 log(Re)log(Pr) + 0.000461619 log(Re)log(Da) - 0.000269814 log(Pr)log(Da)),"Reliability-aware selection of complexity_penalized_symbolic_lasso: Sparse log-target model over raw, log, sqrt and log-product basis terms."
noise_3,Nuavg,random_forest,black_box,0.27690366327476723,0.4185432975731835,1.526034346348362,0.9980396997495482,1863320.0,0.0,0.006211520390441745,2.8184166026525994,0.5937181414793354,False,False,Nuavg = RandomForestRegressor(...),Accuracy reference; not a publishable explicit correlation.
noise_3,Nuavg,xgboost_hist,black_box,0.25059741645531647,0.4840365506685268,1.2244801533391256,0.9973782086461129,300.0,0.0,0.0,1.9913980017871458,0.6685063625362132,True,True,Nuavg = XGBRegressor(...),XGBoost baseline requested CUDA device on the RTX GPU.
noise_5,Nuavg,ordinary_power_law,symbolic,1.2488973310805886,2.475310546478755,6.3750433731513985,0.9314352026840975,8.0,0.0,0.014987293874745731,2.2278375112945747,0.5772195533389564,False,False,Nuavg = 2.3690505 Re^{0.283842} Pr^{0.301253} Da^{-0.00473192} porosity^{0.00428087} thickness^{0.15457} exp(-0.140154amplitude) exp(-0.00412985wavelength),Log-linear ordinary least-squares power-law correlation.
noise_5,Nuavg,complexity_penalized_symbolic_lasso,symbolic,0.6675176269842261,1.561332181514452,2.9139153271803426,0.9727207494492963,14.0,0.0,0.01492789425500983,2.704802673636903,0.6599361912794749,False,False,Nuavg = exp(1.38969 + 0.000145182 Re + 0.0680278 log(Re) + 0.0138254 sqrt(Re) + 0.00210052 Pr + 0.0102899 sqrt(Pr) - 0.00149323 log(Da) - 1.27364 sqrt(Da) + 0.877217 thickness - 0.137234 amplitude - 0.00338774 wavelength + 0.0500517 log(Re)log(Pr) + 0.000622186 log(Re)log(Da) - 0.000261426 log(Pr)log(Da)),"Sparse log-target model over raw, log, sqrt and log-product basis terms."
noise_5,Nuavg,certified_symbolic,symbolic,0.6675176269842261,1.561332181514452,2.9139153271803426,0.9727207494492963,14.0,0.0,0.01492789425500983,2.704802673636903,0.6599361912794749,False,False,Nuavg = exp(1.38969 + 0.000145182 Re + 0.0680278 log(Re) + 0.0138254 sqrt(Re) + 0.00210052 Pr + 0.0102899 sqrt(Pr) - 0.00149323 log(Da) - 1.27364 sqrt(Da) + 0.877217 thickness - 0.137234 amplitude - 0.00338774 wavelength + 0.0500517 log(Re)log(Pr) + 0.000622186 log(Re)log(Da) - 0.000261426 log(Pr)log(Da)),"Reliability-aware selection of complexity_penalized_symbolic_lasso: Sparse log-target model over raw, log, sqrt and log-product basis terms."
noise_5,Nuavg,random_forest,black_box,0.45048213144217264,0.6821939674477486,2.449060861636763,0.9947921608577946,1863320.0,0.0,0.015283835685170638,2.8053105225263915,0.579760900656423,False,False,Nuavg = RandomForestRegressor(...),Accuracy reference; not a publishable explicit correlation.
noise_5,Nuavg,xgboost_hist,black_box,0.3048817018868866,0.5950302006664371,1.4834456595890808,0.9960379511144364,300.0,0.0,0.0,1.974536023537138,0.7055594264549486,True,True,Nuavg = XGBRegressor(...),XGBoost baseline requested CUDA device on the RTX GPU.
random80_20,DelP_Pa,ordinary_power_law,symbolic,97.17628771133218,258.0671017031771,30.973218098905615,0.8417241181480188,8.0,0.0,0.04774351271995769,3.080088042144062,0.2933257545197844,False,False,DelP_Pa = 0.068904337 Re^{1.12942} Pr^{0.00146084} Da^{-0.33008} porosity^{-0.0583578} thickness^{1.10396} exp(1.58018amplitude) exp(-0.028338wavelength),Log-linear ordinary least-squares power-law correlation.
random80_20,DelP_Pa,complexity_penalized_symbolic_lasso,symbolic,32.222402640779436,84.04356212118057,9.520816515327725,0.9832135695318825,16.0,0.0,0.04712291004225401,3.1743851949840565,0.40831713667534564,False,False,DelP_Pa = exp(-11.4938 + 0.000470612 Re + 1.07775 log(Re) + 0.0118455 sqrt(Re) - 2377.5 Da - 0.994175 log(Da) + 165.726 sqrt(Da) + 2.35084 thickness - 0.653458 log(thickness) + 1.57315 amplitude - 0.0257427 wavelength + 0.00967327 log(Re)log(Da) - 0.0151322 log(Re)log(porosity) - 0.00482461 log(Re)log(thickness) - 2.37805e-05 log(Pr)log(Da) - 0.132373 log(Da)log(thickness)),"Sparse log-target model over raw, log, sqrt and log-product basis terms."
random80_20,DelP_Pa,unconstrained_gp_sr,symbolic,283.9808779703088,588.1333916331978,278.76051532821043,0.1779445214062526,13.0,0.0,0.027247569167730506,2.484825570040256,0.6304961678096007,False,False,"DelP_Pa = sub(add(mul(Re, inv(porosity)), neg(sub(-0.054, Pr))), inv(log(Pr)))",Unconstrained genetic-programming symbolic regression.
random80_20,DelP_Pa,positive_complexity_gp_sr,symbolic,242.31001698991327,599.8914523040073,144.0307288271122,0.14474661680064704,5.0,0.0,0.036136338875761474,2.2223168562394324,0.6374234478712091,False,False,"DelP_Pa = exp(log(sub(abs(wavelength), Re)))","Complexity-penalized GP-SR on log target, enforcing positive predictions."
random80_20,DelP_Pa,certified_symbolic,symbolic,32.222402640779436,84.04356212118057,9.520816515327725,0.9832135695318825,16.0,0.0,0.04712291004225401,3.1743851949840565,0.40831713667534564,False,False,DelP_Pa = exp(-11.4938 + 0.000470612 Re + 1.07775 log(Re) + 0.0118455 sqrt(Re) - 2377.5 Da - 0.994175 log(Da) + 165.726 sqrt(Da) + 2.35084 thickness - 0.653458 log(thickness) + 1.57315 amplitude - 0.0257427 wavelength + 0.00967327 log(Re)log(Da) - 0.0151322 log(Re)log(porosity) - 0.00482461 log(Re)log(thickness) - 2.37805e-05 log(Pr)log(Da) - 0.132373 log(Da)log(thickness)),"Reliability-aware selection of complexity_penalized_symbolic_lasso: Sparse log-target model over raw, log, sqrt and log-product basis terms."
random80_20,DelP_Pa,random_forest,black_box,0.31074408395483244,1.0138325539364348,0.08063774373165157,0.9999975572337131,1120978.0,0.0,0.00201164741734608,3.6638202096856287,0.6961971469434157,False,False,DelP_Pa = RandomForestRegressor(...),Accuracy reference; not a publishable explicit correlation.
random80_20,DelP_Pa,xgboost_hist,black_box,4.179878487119967,6.528143690649692,9.762975125350462,0.999898718794163,600.0,0.0,0.0,1.993628513684633,0.4635043455938978,True,True,DelP_Pa = XGBRegressor(...),XGBoost baseline requested CUDA device on the RTX GPU.
range_re_high_holdout,DelP_Pa,ordinary_power_law,symbolic,256.39071035656656,543.3918345794698,27.326801319580383,0.7350751088377758,8.0,0.0,0.03821480080000139,2.321799677970294,0.6646807770586272,False,False,DelP_Pa = 0.075118621 Re^{1.08477} Pr^{0.00126629} Da^{-0.340365} porosity^{-0.0581913} thickness^{1.10927} exp(1.41473amplitude) exp(-0.0232305wavelength),Log-linear ordinary least-squares power-law correlation.
range_re_high_holdout,DelP_Pa,complexity_penalized_symbolic_lasso,symbolic,94.52752642412914,186.53492568842887,11.785875111360454,0.9687811525655129,16.0,0.0,0.03732764057119257,2.2843894028538756,0.5557299475262368,False,False,DelP_Pa = exp(-11.9184 + 0.000755802 Re + 1.0408 log(Re) + 0.00552991 sqrt(Re) - 2737.56 Da - 1.02488 log(Da) + 184.174 sqrt(Da) + 2.38866 thickness - 0.736611 log(thickness) + 1.40085 amplitude - 0.023526 wavelength + 0.00583607 log(Re)log(Da) - 0.0099017 log(Re)log(porosity) - 0.00503014 log(Re)log(thickness) - 0.139166 log(Da)log(thickness) + 0.010583 log(porosity)log(thickness)),"Sparse log-target model over raw, log, sqrt and log-product basis terms."
range_re_high_holdout,DelP_Pa,unconstrained_gp_sr,symbolic,655.4127327664282,1063.3074269453234,148.8932332431747,-0.014411684686143067,18.0,0.0,0.019544546556974792,2.635829409664202,0.7014420613769148,False,False,"DelP_Pa = sub(add(mul(Re, inv(porosity)), neg(sub(-0.054, Pr))), inv(log(mul(mul(Re, porosity), inv(porosity)))))",Unconstrained genetic-programming symbolic regression.
range_re_high_holdout,DelP_Pa,positive_complexity_gp_sr,symbolic,596.2204233395834,1095.224649532274,102.17907843644332,-0.07622473103097493,5.0,0.0,0.02879520915166327,2.7973065625718765,0.6832000789655513,False,False,"DelP_Pa = exp(log(sub(abs(wavelength), Re)))","Complexity-penalized GP-SR on log target, enforcing positive predictions."
range_re_high_holdout,DelP_Pa,certified_symbolic,symbolic,94.52752642412914,186.53492568842887,11.785875111360454,0.9687811525655129,16.0,0.0,0.03732764057119257,2.2843894028538756,0.5557299475262368,False,False,DelP_Pa = exp(-11.9184 + 0.000755802 Re + 1.0408 log(Re) + 0.00552991 sqrt(Re) - 2737.56 Da - 1.02488 log(Da) + 184.174 sqrt(Da) + 2.38866 thickness - 0.736611 log(thickness) + 1.40085 amplitude - 0.023526 wavelength + 0.00583607 log(Re)log(Da) - 0.0099017 log(Re)log(porosity) - 0.00503014 log(Re)log(thickness) - 0.139166 log(Da)log(thickness) + 0.010583 log(porosity)log(thickness)),"Reliability-aware selection of complexity_penalized_symbolic_lasso: Sparse log-target model over raw, log, sqrt and log-product basis terms."
range_re_high_holdout,DelP_Pa,random_forest,black_box,437.89305937439616,710.6212501513107,58.360004535824764,0.5469220476732879,896124.0,0.0,0.0007821536447143399,2.7842541047615845,0.7113785599127619,False,False,DelP_Pa = RandomForestRegressor(...),Accuracy reference; not a publishable explicit correlation.
range_re_high_holdout,DelP_Pa,xgboost_hist,black_box,437.90762267075195,710.7248454716773,58.37834953769081,0.5467899374194389,600.0,0.0,0.0,1.478347168852319,0.7251787300647236,True,True,DelP_Pa = XGBRegressor(...),XGBoost baseline requested CUDA device on the RTX GPU.
geometry_holdout,DelP_Pa,ordinary_power_law,symbolic,154.68961967700602,351.2826501040058,33.2166409729815,0.8055592032548188,8.0,0.0,0.047929286071278464,3.4122915989472937,0.16821525358110723,False,False,DelP_Pa = 0.075589642 Re^{1.12597} Pr^{-0.00410061} Da^{-0.321558} porosity^{-0.0702477} thickness^{1.09518} exp(1.45367amplitude) exp(-0.0192054wavelength),Log-linear ordinary least-squares power-law correlation.
geometry_holdout,DelP_Pa,complexity_penalized_symbolic_lasso,symbolic,44.16180396620658,97.96011833032598,10.276785871074436,0.9848792757589464,16.0,0.0,0.047731772410310264,3.3173415039457987,0.47601179308496383,False,False,DelP_Pa = exp(-11.1945 + 0.000344498 Re + 1.0602 log(Re) + 0.0176676 sqrt(Re) - 2383.46 Da - 0.998471 log(Da) + 164.2 sqrt(Da) + 1.73094 thickness - 0.618174 log(thickness) + 1.47378 amplitude - 0.0221395 wavelength + 8.65603e-06 log(Re)log(Pr) + 0.0098407 log(Re)log(Da) - 0.0194836 log(Re)log(porosity) - 0.00649624 log(Re)log(thickness) - 0.13866 log(Da)log(thickness)),"Sparse log-target model over raw, log, sqrt and log-product basis terms."
geometry_holdout,DelP_Pa,unconstrained_gp_sr,symbolic,330.83191442128907,757.1972407384592,105.3540169286576,0.09657514128905276,3.0,0.0,0.0349545236675729,3.138422892487771,0.5532911481900452,False,False,"DelP_Pa = sub(Re, amplitude)",Unconstrained genetic-programming symbolic regression.
geometry_holdout,DelP_Pa,positive_complexity_gp_sr,symbolic,329.9949093888516,758.8672331156907,97.97616985429278,0.09258575444788719,5.0,0.0,0.03675523011587454,3.1927846236231954,0.5532911481900452,False,False,"DelP_Pa = exp(log(sub(log(Re), Re)))","Complexity-penalized GP-SR on log target, enforcing positive predictions."
geometry_holdout,DelP_Pa,certified_symbolic,symbolic,44.16180396620658,97.96011833032598,10.276785871074436,0.9848792757589464,16.0,0.0,0.047731772410310264,3.3173415039457987,0.47601179308496383,False,False,DelP_Pa = exp(-11.1945 + 0.000344498 Re + 1.0602 log(Re) + 0.0176676 sqrt(Re) - 2383.46 Da - 0.998471 log(Da) + 164.2 sqrt(Da) + 1.73094 thickness - 0.618174 log(thickness) + 1.47378 amplitude - 0.0221395 wavelength + 8.65603e-06 log(Re)log(Pr) + 0.0098407 log(Re)log(Da) - 0.0194836 log(Re)log(porosity) - 0.00649624 log(Re)log(thickness) - 0.13866 log(Da)log(thickness)),"Reliability-aware selection of complexity_penalized_symbolic_lasso: Sparse log-target model over raw, log, sqrt and log-product basis terms."
geometry_holdout,DelP_Pa,random_forest,black_box,25.910133043772756,63.2184869859296,7.813983023468396,0.9937025868557788,967860.0,0.0,0.002370304592610221,3.5327848063887166,0.9132582864290182,False,False,DelP_Pa = RandomForestRegressor(...),Accuracy reference; not a publishable explicit correlation.
geometry_holdout,DelP_Pa,xgboost_hist,black_box,24.351318682431792,63.92697339124445,9.580143620449086,0.9935606463426232,600.0,0.0,0.0,2.1657046820890815,0.8143244289585754,True,True,DelP_Pa = XGBRegressor(...),XGBoost baseline requested CUDA device on the RTX GPU.
sparse_20,DelP_Pa,ordinary_power_law,symbolic,97.32394645702928,264.0486134015904,31.463035812046897,0.8343020117668233,8.0,0.0,0.047127348542864,2.675496855094946,0.3543987678316037,False,False,DelP_Pa = 0.08615949 Re^{1.10517} Pr^{-0.0122639} Da^{-0.331645} porosity^{0.100953} thickness^{1.11599} exp(1.71681amplitude) exp(-0.0413107wavelength),Log-linear ordinary least-squares power-law correlation.
sparse_20,DelP_Pa,complexity_penalized_symbolic_lasso,symbolic,30.195433214430057,74.25403386401909,9.71388717738725,0.9868964323045836,17.0,0.0,0.04639785111625647,2.9490768500135314,0.4692801349517768,False,False,DelP_Pa = exp(-10.7984 + 0.000197683 Re + 0.998389 log(Re) + 0.031042 sqrt(Re) - 0.00267605 log(Pr) - 2254.6 Da - 0.988948 log(Da) + 159.364 sqrt(Da) + 1.60626 thickness - 0.490706 log(thickness) + 1.55688 amplitude - 0.0292139 wavelength + 0.0107151 log(Re)log(Da) - 0.0202443 log(Re)log(porosity) - 0.0153769 log(Re)log(thickness) - 0.00192824 log(Pr)log(thickness) - 0.133148 log(Da)log(thickness)),"Sparse log-target model over raw, log, sqrt and log-product basis terms."
sparse_20,DelP_Pa,certified_symbolic,symbolic,30.195433214430057,74.25403386401909,9.71388717738725,0.9868964323045836,17.0,0.0,0.04639785111625647,2.9490768500135314,0.4692801349517768,False,False,DelP_Pa = exp(-10.7984 + 0.000197683 Re + 0.998389 log(Re) + 0.031042 sqrt(Re) - 0.00267605 log(Pr) - 2254.6 Da - 0.988948 log(Da) + 159.364 sqrt(Da) + 1.60626 thickness - 0.490706 log(thickness) + 1.55688 amplitude - 0.0292139 wavelength + 0.0107151 log(Re)log(Da) - 0.0202443 log(Re)log(porosity) - 0.0153769 log(Re)log(thickness) - 0.00192824 log(Pr)log(thickness) - 0.133148 log(Da)log(thickness)),"Reliability-aware selection of complexity_penalized_symbolic_lasso: Sparse log-target model over raw, log, sqrt and log-product basis terms."
sparse_20,DelP_Pa,random_forest,black_box,3.351070218447335,7.775830193560437,1.8884695683451014,0.9998563045591196,336352.0,0.0,0.003112593804870366,3.4280814865319242,0.7352854890168323,False,False,DelP_Pa = RandomForestRegressor(...),Accuracy reference; not a publishable explicit correlation.
sparse_20,DelP_Pa,xgboost_hist,black_box,10.22063614363794,22.50940537694142,14.938855527048094,0.9987958585723145,600.0,0.000390625,0.0,1.983232641458296,0.5315266419744031,True,True,DelP_Pa = XGBRegressor(...),XGBoost baseline requested CUDA device on the RTX GPU.
sparse_40,DelP_Pa,ordinary_power_law,symbolic,99.92234995866646,277.1474555257501,30.874213532657908,0.8174544524425076,8.0,0.0,0.04768038334857749,3.0340131893487503,0.3234955443910667,False,False,DelP_Pa = 0.067849102 Re^{1.11368} Pr^{0.00107525} Da^{-0.332079} porosity^{0.043601} thickness^{1.07025} exp(1.31675amplitude) exp(-0.00995641wavelength),Log-linear ordinary least-squares power-law correlation.
sparse_40,DelP_Pa,complexity_penalized_symbolic_lasso,symbolic,32.48091593923708,85.79405318770182,9.22378108064322,0.9825070189877974,16.0,0.0,0.04695710428713777,3.290611094369409,0.45669074773552387,False,False,DelP_Pa = exp(-11.6991 + 0.000461358 Re + 1.05444 log(Re) + 0.0109773 sqrt(Re) - 2608.28 Da - 0.997695 log(Da) + 175.68 sqrt(Da) + 2.59303 thickness - 0.680681 log(thickness) + 1.5512 amplitude - 0.0235545 wavelength + 0.00764078 log(Re)log(Da) - 0.00638654 log(Re)log(porosity) - 0.0110818 log(Re)log(thickness) - 0.000243788 log(Pr)log(Da) - 0.132731 log(Da)log(thickness)),"Sparse log-target model over raw, log, sqrt and log-product basis terms."
sparse_40,DelP_Pa,certified_symbolic,symbolic,32.48091593923708,85.79405318770182,9.22378108064322,0.9825070189877974,16.0,0.0,0.04695710428713777,3.290611094369409,0.45669074773552387,False,False,DelP_Pa = exp(-11.6991 + 0.000461358 Re + 1.05444 log(Re) + 0.0109773 sqrt(Re) - 2608.28 Da - 0.997695 log(Da) + 175.68 sqrt(Da) + 2.59303 thickness - 0.680681 log(thickness) + 1.5512 amplitude - 0.0235545 wavelength + 0.00764078 log(Re)log(Da) - 0.00638654 log(Re)log(porosity) - 0.0110818 log(Re)log(thickness) - 0.000243788 log(Pr)log(Da) - 0.132731 log(Da)log(thickness)),"Reliability-aware selection of complexity_penalized_symbolic_lasso: Sparse log-target model over raw, log, sqrt and log-product basis terms."
sparse_40,DelP_Pa,random_forest,black_box,1.7929663026223839,5.327862867366156,0.5184083674512505,0.9999325385720891,607700.0,0.0,0.0021139581996717583,3.6759065417647063,0.7182808317136675,False,False,DelP_Pa = RandomForestRegressor(...),Accuracy reference; not a publishable explicit correlation.
sparse_40,DelP_Pa,xgboost_hist,black_box,8.431392404816085,18.372186503798204,11.15077538086945,0.9991978212667427,600.0,0.0,0.0,2.0816500862263787,0.45266786460816316,True,True,DelP_Pa = XGBRegressor(...),XGBoost baseline requested CUDA device on the RTX GPU.
sparse_60,DelP_Pa,ordinary_power_law,symbolic,96.72327779913232,256.3215768030944,31.537649565365495,0.8438579829656307,8.0,0.0,0.047485647276230676,3.092887172540128,0.3240529539037002,False,False,DelP_Pa = 0.075558116 Re^{1.11793} Pr^{0.0127312} Da^{-0.331619} porosity^{-0.0207468} thickness^{1.12765} exp(1.46631amplitude) exp(-0.0304894wavelength),Log-linear ordinary least-squares power-law correlation.
sparse_60,DelP_Pa,complexity_penalized_symbolic_lasso,symbolic,31.831672020342822,82.87630830399519,9.49680000330869,0.9836766141010452,16.0,0.0,0.04676225152377035,3.16002936244505,0.41309912354688477,False,False,DelP_Pa = exp(-11.5704 + 0.000276112 Re + 1.02468 log(Re) + 0.0233098 sqrt(Re) - 2448.68 Da - 1.00075 log(Da) + 169.141 sqrt(Da) + 2.56987 thickness - 0.682475 log(thickness) + 1.52306 amplitude - 0.0254909 wavelength + 0.00927577 log(Re)log(Da) - 0.0235679 log(Re)log(porosity) - 0.0103787 log(Re)log(thickness) - 0.000114512 log(Pr)log(Da) - 0.13387 log(Da)log(thickness)),"Sparse log-target model over raw, log, sqrt and log-product basis terms."
sparse_60,DelP_Pa,certified_symbolic,symbolic,31.831672020342822,82.87630830399519,9.49680000330869,0.9836766141010452,16.0,0.0,0.04676225152377035,3.16002936244505,0.41309912354688477,False,False,DelP_Pa = exp(-11.5704 + 0.000276112 Re + 1.02468 log(Re) + 0.0233098 sqrt(Re) - 2448.68 Da - 1.00075 log(Da) + 169.141 sqrt(Da) + 2.56987 thickness - 0.682475 log(thickness) + 1.52306 amplitude - 0.0254909 wavelength + 0.00927577 log(Re)log(Da) - 0.0235679 log(Re)log(porosity) - 0.0103787 log(Re)log(thickness) - 0.000114512 log(Pr)log(Da) - 0.13387 log(Da)log(thickness)),"Reliability-aware selection of complexity_penalized_symbolic_lasso: Sparse log-target model over raw, log, sqrt and log-product basis terms."
sparse_60,DelP_Pa,random_forest,black_box,0.8283985195113346,2.7769187490288845,0.23076982533973828,0.9999816736575067,818912.0,0.0,0.0013055113762568723,3.6006371526146186,0.7034801422861126,False,False,DelP_Pa = RandomForestRegressor(...),Accuracy reference; not a publishable explicit correlation.
sparse_60,DelP_Pa,xgboost_hist,black_box,6.488040119583362,13.046892374369351,10.728233887857975,0.9995954580040675,600.0,0.000390625,0.0,1.9555810417612192,0.428534233011845,True,True,DelP_Pa = XGBRegressor(...),XGBoost baseline requested CUDA device on the RTX GPU.
sparse_80,DelP_Pa,ordinary_power_law,symbolic,98.31278718690514,269.37102177417785,30.578854884583173,0.8275547642086885,8.0,0.0,0.047264854462991265,3.0443070540583443,0.33553852359822506,False,False,DelP_Pa = 0.069673793 Re^{1.11896} Pr^{0.00988907} Da^{-0.329699} porosity^{-0.143587} thickness^{1.10239} exp(1.48776amplitude) exp(-0.0289458wavelength),Log-linear ordinary least-squares power-law correlation.
sparse_80,DelP_Pa,complexity_penalized_symbolic_lasso,symbolic,31.23961409990512,81.8542126704659,9.214065958577695,0.9840767569482721,17.0,0.0,0.047365907776715815,3.2351154130057727,0.4132128057501192,False,False,DelP_Pa = exp(-11.6729 + 0.000114662 Re + 1.03672 log(Re) + 0.0283465 sqrt(Re) - 2523.81 Da - 1.00574 log(Da) + 172.379 sqrt(Da) + 2.54994 thickness - 0.680514 log(thickness) + 1.57684 amplitude - 0.0270208 wavelength + 0.00999244 log(Re)log(Da) - 0.0151926 log(Re)log(porosity) - 0.00735869 log(Re)log(thickness) - 7.55414e-05 log(Pr)log(Da) - 0.133148 log(Da)log(thickness) + 0.0137606 log(porosity)log(thickness)),"Sparse log-target model over raw, log, sqrt and log-product basis terms."
sparse_80,DelP_Pa,certified_symbolic,symbolic,31.23961409990512,81.8542126704659,9.214065958577695,0.9840767569482721,17.0,0.0,0.047365907776715815,3.2351154130057727,0.4132128057501192,False,False,DelP_Pa = exp(-11.6729 + 0.000114662 Re + 1.03672 log(Re) + 0.0283465 sqrt(Re) - 2523.81 Da - 1.00574 log(Da) + 172.379 sqrt(Da) + 2.54994 thickness - 0.680514 log(thickness) + 1.57684 amplitude - 0.0270208 wavelength + 0.00999244 log(Re)log(Da) - 0.0151926 log(Re)log(porosity) - 0.00735869 log(Re)log(thickness) - 7.55414e-05 log(Pr)log(Da) - 0.133148 log(Da)log(thickness) + 0.0137606 log(porosity)log(thickness)),"Reliability-aware selection of complexity_penalized_symbolic_lasso: Sparse log-target model over raw, log, sqrt and log-product basis terms."
sparse_80,DelP_Pa,random_forest,black_box,0.4459930831121562,1.439618869025755,0.12312112719156951,0.9999950745658889,990560.0,0.0,0.0019947220575019706,3.6626397188370285,0.713370493967509,False,False,DelP_Pa = RandomForestRegressor(...),Accuracy reference; not a publishable explicit correlation.
sparse_80,DelP_Pa,xgboost_hist,black_box,4.683285545998424,8.139889416343069,9.508852826854381,0.9998425341206103,600.0,0.0,0.0,2.0130141643363477,0.5076497121273241,True,True,DelP_Pa = XGBRegressor(...),XGBoost baseline requested CUDA device on the RTX GPU.
noise_1,DelP_Pa,ordinary_power_law,symbolic,97.1817961761307,258.09650487746325,30.975653400261333,0.8416880494013442,8.0,0.0,0.04774697783339657,3.075359424130794,0.2933257545197844,False,False,DelP_Pa = 0.068871993 Re^{1.12936} Pr^{0.00132312} Da^{-0.330171} porosity^{-0.0609325} thickness^{1.10411} exp(1.57567amplitude) exp(-0.0282609wavelength),Log-linear ordinary least-squares power-law correlation.
noise_1,DelP_Pa,complexity_penalized_symbolic_lasso,symbolic,32.21406783531989,83.75975577731975,9.538854950675253,0.9833267501589491,16.0,0.0,0.047121847995591035,3.1690011959941873,0.4105614433972643,False,False,DelP_Pa = exp(-11.4885 + 0.000471567 Re + 1.07851 log(Re) + 0.0116649 sqrt(Re) - 2369.29 Da - 0.992365 log(Da) + 165.285 sqrt(Da) + 2.36969 thickness - 0.656357 log(thickness) + 1.56866 amplitude - 0.0256688 wavelength + 0.00956373 log(Re)log(Da) - 0.0155265 log(Re)log(porosity) - 0.00414469 log(Re)log(thickness) - 1.35783e-05 log(Pr)log(Da) - 0.132022 log(Da)log(thickness)),"Sparse log-target model over raw, log, sqrt and log-product basis terms."
noise_1,DelP_Pa,certified_symbolic,symbolic,32.21406783531989,83.75975577731975,9.538854950675253,0.9833267501589491,16.0,0.0,0.047121847995591035,3.1690011959941873,0.4105614433972643,False,False,DelP_Pa = exp(-11.4885 + 0.000471567 Re + 1.07851 log(Re) + 0.0116649 sqrt(Re) - 2369.29 Da - 0.992365 log(Da) + 165.285 sqrt(Da) + 2.36969 thickness - 0.656357 log(thickness) + 1.56866 amplitude - 0.0256688 wavelength + 0.00956373 log(Re)log(Da) - 0.0155265 log(Re)log(porosity) - 0.00414469 log(Re)log(thickness) - 1.35783e-05 log(Pr)log(Da) - 0.132022 log(Da)log(thickness)),"Reliability-aware selection of complexity_penalized_symbolic_lasso: Sparse log-target model over raw, log, sqrt and log-product basis terms."
noise_1,DelP_Pa,random_forest,black_box,1.710597686361527,5.468264069618953,0.5276936704735586,0.999928936202547,1863320.0,0.0,0.0027287318271894657,3.6535294705516295,0.5387656313029447,False,False,DelP_Pa = RandomForestRegressor(...),Accuracy reference; not a publishable explicit correlation.
noise_1,DelP_Pa,xgboost_hist,black_box,9.523190874863579,14.887604743632084,27.440405068488094,0.9994732565871941,300.0,0.00234375,0.0,1.973556351469029,0.5495471047709853,True,True,DelP_Pa = XGBRegressor(...),XGBoost baseline requested CUDA device on the RTX GPU.
noise_3,DelP_Pa,ordinary_power_law,symbolic,97.1195103664994,257.8556047813314,30.953457174951094,0.8419834394219017,8.0,0.0,0.04774641591222481,3.0978433911749486,0.2983681103084088,False,False,DelP_Pa = 0.069109275 Re^{1.12967} Pr^{0.00208604} Da^{-0.330007} porosity^{-0.0521131} thickness^{1.10529} exp(1.58586amplitude) exp(-0.0289976wavelength),Log-linear ordinary least-squares power-law correlation.
noise_3,DelP_Pa,complexity_penalized_symbolic_lasso,symbolic,32.278723967710775,84.13468870993745,9.559360413683363,0.9831771474809354,16.0,0.0,0.04711137999367903,3.1830393387676965,0.40621218233158535,False,False,DelP_Pa = exp(-11.4584 + 0.000487989 Re + 1.07965 log(Re) + 0.0104654 sqrt(Re) - 2358.97 Da - 0.992274 log(Da) + 164.754 sqrt(Da) + 2.33465 thickness - 0.646486 log(thickness) + 1.57901 amplitude - 0.0264004 wavelength + 0.0095355 log(Re)log(Da) - 0.0138607 log(Re)log(porosity) - 0.00624484 log(Re)log(thickness) - 8.83382e-05 log(Pr)log(Da) - 0.132776 log(Da)log(thickness)),"Sparse log-target model over raw, log, sqrt and log-product basis terms."
noise_3,DelP_Pa,certified_symbolic,symbolic,32.278723967710775,84.13468870993745,9.559360413683363,0.9831771474809354,16.0,0.0,0.04711137999367903,3.1830393387676965,0.40621218233158535,False,False,DelP_Pa = exp(-11.4584 + 0.000487989 Re + 1.07965 log(Re) + 0.0104654 sqrt(Re) - 2358.97 Da - 0.992274 log(Da) + 164.754 sqrt(Da) + 2.33465 thickness - 0.646486 log(thickness) + 1.57901 amplitude - 0.0264004 wavelength + 0.0095355 log(Re)log(Da) - 0.0138607 log(Re)log(porosity) - 0.00624484 log(Re)log(thickness) - 8.83382e-05 log(Pr)log(Da) - 0.132776 log(Da)log(thickness)),"Reliability-aware selection of complexity_penalized_symbolic_lasso: Sparse log-target model over raw, log, sqrt and log-product basis terms."
noise_3,DelP_Pa,random_forest,black_box,4.705402752366213,12.04061098690788,1.5871194011074687,0.9996554545622208,1863320.0,0.0,0.012881948836373064,3.635644425238397,0.5174813891231802,False,False,DelP_Pa = RandomForestRegressor(...),Accuracy reference; not a publishable explicit correlation.
noise_3,DelP_Pa,xgboost_hist,black_box,9.65479641324079,16.34780970832198,23.983445718438023,0.9993648612634788,300.0,0.0015625,0.0,1.9637849298044665,0.5212182331585318,True,True,DelP_Pa = XGBRegressor(...),XGBoost baseline requested CUDA device on the RTX GPU.
noise_5,DelP_Pa,ordinary_power_law,symbolic,97.38160093358458,259.360508729478,30.930565687356527,0.8401336159690731,8.0,0.0,0.047744753892230284,3.078484156147847,0.2937144743114893,False,False,DelP_Pa = 0.069559931 Re^{1.12929} Pr^{0.00069454} Da^{-0.329505} porosity^{-0.0589421} thickness^{1.10403} exp(1.56758amplitude) exp(-0.0282401wavelength),Log-linear ordinary least-squares power-law correlation.
noise_5,DelP_Pa,complexity_penalized_symbolic_lasso,symbolic,31.782364376734833,82.20313545346211,9.519272965620138,0.9839407144909034,15.0,0.0,0.04718362694846755,3.1804350367325056,0.4084234845428875,False,False,DelP_Pa = exp(-11.5154 + 0.000525886 Re + 1.09223 log(Re) + 0.00845005 sqrt(Re) - 2376.15 Da - 0.993454 log(Da) + 165.832 sqrt(Da) + 2.33615 thickness - 0.655187 log(thickness) + 1.55994 amplitude - 0.025639 wavelength + 0.00968875 log(Re)log(Da) - 0.014975 log(Re)log(porosity) - 0.00279508 log(Re)log(thickness) - 0.131844 log(Da)log(thickness)),"Sparse log-target model over raw, log, sqrt and log-product basis terms."
noise_5,DelP_Pa,certified_symbolic,symbolic,31.782364376734833,82.20313545346211,9.519272965620138,0.9839407144909034,15.0,0.0,0.04718362694846755,3.1804350367325056,0.4084234845428875,False,False,DelP_Pa = exp(-11.5154 + 0.000525886 Re + 1.09223 log(Re) + 0.00845005 sqrt(Re) - 2376.15 Da - 0.993454 log(Da) + 165.832 sqrt(Da) + 2.33615 thickness - 0.655187 log(thickness) + 1.55994 amplitude - 0.025639 wavelength + 0.00968875 log(Re)log(Da) - 0.014975 log(Re)log(porosity) - 0.00279508 log(Re)log(thickness) - 0.131844 log(Da)log(thickness)),"Reliability-aware selection of complexity_penalized_symbolic_lasso: Sparse log-target model over raw, log, sqrt and log-product basis terms."
noise_5,DelP_Pa,random_forest,black_box,6.6558730815193465,19.371220840144815,2.3420924021543623,0.9991082082758665,1863320.0,0.0,0.010869872174457505,3.630028551449855,0.525384135831897,False,False,DelP_Pa = RandomForestRegressor(...),Accuracy reference; not a publishable explicit correlation.
noise_5,DelP_Pa,xgboost_hist,black_box,10.082328036138957,19.182805852440154,21.788759762678243,0.999125472006187,300.0,0.00078125,0.0,1.973821848907506,0.5172833620594814,True,True,DelP_Pa = XGBRegressor(...),XGBoost baseline requested CUDA device on the RTX GPU.
