experiment,target,model,family,selection_MAE,selection_RMSE,selection_MAPE,selection_R2,complexity,expression,notes,fit_seconds,finite_violation_rate,positive_violation_rate,extra_finite_violation_rate,extra_positive_violation_rate,derivative_sign_violation_rate,sensitivity_median,sensitivity_p95,extrapolation_stability_index,physics_violation_rate,selection_score
random80_20,Nuavg,ordinary_power_law,symbolic,1.1122170055820937,2.0084724153471956,5.968070226710533,0.9507155043242156,8,Nuavg = 2.3467225 Re^{0.283971} Pr^{0.30202} Da^{-0.00530776} porosity^{0.00486512} thickness^{0.154499} exp(-0.127552amplitude) exp(-0.00422773wavelength),Log-linear ordinary least-squares power-law correlation.,0.014042999944649637,0.0,0.0,0.0,0.0,0.0,0.0025801243628006663,0.012727244951008658,2.2482326378565785,0.0,0.30595701836823885
random80_20,Nuavg,complexity_penalized_symbolic_lasso,symbolic,0.574203754175755,1.18153577552867,2.717346355719027,0.9829441909132871,14,Nuavg = exp(1.43162 + 3.59484e-06 Re + 0.0436888 log(Re) + 0.0216365 sqrt(Re) + 0.00207842 Pr + 0.0106042 sqrt(Pr) - 0.00160132 log(Da) - 1.43648 sqrt(Da) + 0.877235 thickness - 0.124085 amplitude - 0.00350011 wavelength + 0.0505118 log(Re)log(Pr) + 0.00058907 log(Re)log(Da) - 0.000102195 log(Pr)log(Da)),"Sparse log-target model over raw, log, sqrt and log-product basis terms.",0.08220020006410778,0.0,0.0,0.0,0.0,0.0,0.003246014561823127,0.012681444460264096,2.7294930386232084,0.0,0.23897538622741557
random80_20,Nuavg,unconstrained_gp_sr,symbolic,3.539010363473355,5.007790668824371,20.812000308676197,0.693612595848306,8,"Nuavg = add(sqrt(add(Re, Pr)), abs(sqrt(Pr)))",Unconstrained genetic-programming symbolic regression.,2.9261677999747917,0.0,0.0,0.0,0.0,0.0,0.001923518273224129,0.008266969925475542,1.7052815271481867,0.0,0.6893756273443137
random80_20,Nuavg,positive_complexity_gp_sr,symbolic,5.055565842280243,6.731855139205057,30.326150984235404,0.4463336901781303,13,"Nuavg = exp(sqrt(mul(1.334, add(add(mul(1.334, add(log(Pr), porosity)), porosity), porosity))))","Complexity-penalized GP-SR on log target, enforcing positive predictions.",0.5488196000223979,0.0,0.0,0.0,0.0,0.0,0.0014531640697319427,0.009269909232506028,1.875378004027053,0.0,1.074850261251991
range_re_high_holdout,Nuavg,ordinary_power_law,symbolic,0.7580890041642648,1.1796048581802214,5.103817278228674,0.9648888932906797,8,Nuavg = 2.6304803 Re^{0.262279} Pr^{0.280537} Da^{-0.00616637} porosity^{-0.00250708} thickness^{0.150924} exp(-0.181898amplitude) exp(7.1233e-05wavelength),Log-linear ordinary least-squares power-law correlation.,0.0017500000540167093,0.0,0.0,0.0,0.0,0.0,0.002318358674439266,0.010302209475438494,2.022319732234714,0.0,0.2838339585705829
range_re_high_holdout,Nuavg,complexity_penalized_symbolic_lasso,symbolic,0.316509951201825,0.5587845769125687,2.013667233109912,0.9921211971220789,15,Nuavg = exp(1.40773 + 0.000389507 Re + 0.073565 log(Re) + 0.00672886 sqrt(Re) + 0.00250404 Pr + 0.00791648 sqrt(Pr) - 7.97156 Da - 0.000378902 log(Da) - 1.43814 sqrt(Da) + 0.865785 thickness - 0.177423 amplitude + 0.0501883 log(Re)log(Pr) + 0.00032172 log(Re)log(Da) - 0.00121759 log(Re)log(porosity) - 0.000521767 log(Pr)log(thickness)),"Sparse log-target model over raw, log, sqrt and log-product basis terms.",0.06725600000936538,0.0,0.0,0.0,0.0,0.0,0.0028405169495237213,0.010524305533217294,2.2871682680961767,0.0,0.22787883157784578
range_re_high_holdout,Nuavg,unconstrained_gp_sr,symbolic,2.6384608753845247,3.3890810261116826,19.39998575817368,0.7101753514911151,13,"Nuavg = add(add(sqrt(Pr), abs(log(Re))), add(log(Pr), abs(log(Re))))",Unconstrained genetic-programming symbolic regression.,0.5316087999381125,0.0,0.0,0.0,0.0,0.0,0.0012239294350390336,0.005607485009797864,1.432264841285426,0.0,0.6108506695231598
range_re_high_holdout,Nuavg,positive_complexity_gp_sr,symbolic,4.334023189543978,5.431069273370858,28.100902428078566,0.25571014703317396,9,"Nuavg = exp(sqrt(mul(1.334, mul(1.334, add(log(Pr), porosity)))))","Complexity-penalized GP-SR on log target, enforcing positive predictions.",0.5583716999972239,0.0,0.0,0.0,0.0,0.0,0.0016656228675217708,0.011204368874963023,1.4220195227104604,0.0,1.1057142857142859
geometry_holdout,Nuavg,ordinary_power_law,symbolic,0.9834341968821317,1.639342998555551,5.752483150971826,0.9610358164926054,8,Nuavg = 2.3360084 Re^{0.28443} Pr^{0.300937} Da^{-0.00494506} porosity^{-0.0065046} thickness^{0.15064} exp(-0.204312amplitude) exp(-0.000743547wavelength),Log-linear ordinary least-squares power-law correlation.,0.0016935999738052487,0.0,0.0,0.0,0.0,0.0,0.0025957615048012757,0.012764441080749261,2.2544861931709397,0.0,0.3018036317918936
geometry_holdout,Nuavg,complexity_penalized_symbolic_lasso,symbolic,0.49306335075643887,0.9430321418944627,2.5468735488872354,0.9871062599482079,14,Nuavg = exp(1.40214 + 5.55469e-05 Re + 0.0573371 log(Re) + 0.0183912 sqrt(Re) + 0.00172736 Pr + 0.0171834 sqrt(Pr) - 0.00190231 log(Da) - 1.35017 sqrt(Da) + 0.844883 thickness - 0.175864 amplitude - 0.0021946 wavelength + 0.0490286 log(Re)log(Pr) + 0.000617299 log(Re)log(Da) - 0.0011719 log(Re)log(porosity)),"Sparse log-target model over raw, log, sqrt and log-product basis terms.",0.10623160004615784,0.0,0.0,0.0,0.0,0.0,0.0032418904981557166,0.012743453428256165,2.7137704009968444,0.0,0.23938837946625835
geometry_holdout,Nuavg,unconstrained_gp_sr,symbolic,3.875360479337732,5.2828779934705015,24.05420531933331,0.5953616123842862,9,"Nuavg = add(sqrt(add(Re, Pr)), abs(mul(amplitude, Pr)))",Unconstrained genetic-programming symbolic regression.,0.7078205000143498,0.0,0.0,0.0,0.0,0.0,0.0025415138018692763,0.009638990009387761,2.068047223599718,0.0,0.8999894629145098
geometry_holdout,Nuavg,positive_complexity_gp_sr,symbolic,4.67524090482677,6.172355080599051,30.47517799311965,0.44763300125973815,13,"Nuavg = exp(sqrt(mul(1.334, add(add(mul(1.334, add(log(Pr), porosity)), porosity), porosity))))","Complexity-penalized GP-SR on log target, enforcing positive predictions.",0.6148243000498042,0.0,0.0,0.0,0.0,0.0,0.0014637729499794394,0.009338729768543313,1.437498025366622,0.0,1.0333333333333334
sparse_20,Nuavg,ordinary_power_law,symbolic,1.210429476620635,2.568232607915381,6.205642139763361,0.9152570838793443,8,Nuavg = 2.3357102 Re^{0.282447} Pr^{0.304111} Da^{-0.00424435} porosity^{-0.0597556} thickness^{0.15393} exp(-0.0278585amplitude) exp(-0.00720884wavelength),Log-linear ordinary least-squares power-law correlation.,0.0017630000365898013,0.0,0.0,0.0,0.0,0.0,0.0026174392609261566,0.01298645313023218,2.2012816416178334,0.0,1.1
sparse_20,Nuavg,complexity_penalized_symbolic_lasso,symbolic,0.7116504919598388,1.6600018450904799,3.1263031764872045,0.9645960405539905,14,Nuavg = exp(1.44048 + 6.98611e-05 Re + 0.0493088 log(Re) + 0.0183211 sqrt(Re) + 0.00293608 Pr - 0.00140695 log(Da) - 1.52753 sqrt(Da) + 0.889613 thickness - 0.0997277 amplitude - 0.00471662 wavelength + 0.0516587 log(Re)log(Pr) + 0.00067115 log(Re)log(Da) - 0.00722031 log(Re)log(porosity) - 0.00121674 log(Pr)log(thickness)),"Sparse log-target model over raw, log, sqrt and log-product basis terms.",0.04873140004929155,0.0,0.0,0.0,0.0,0.0,0.003288495664040981,0.012723942756230431,2.6643661591508048,0.0,0.14
sparse_40,Nuavg,ordinary_power_law,symbolic,1.279072138899405,2.557747750535491,6.4082028183537725,0.9272945333391023,8,Nuavg = 2.3432487 Re^{0.283779} Pr^{0.297006} Da^{-0.00638006} porosity^{0.0218271} thickness^{0.151838} exp(-0.112925amplitude) exp(-0.00417913wavelength),Log-linear ordinary least-squares power-law correlation.,0.001254500006325543,0.0,0.0,0.0,0.0,0.0,0.002523684572002442,0.012600591763012373,2.246571336500398,0.0,1.1
sparse_40,Nuavg,complexity_penalized_symbolic_lasso,symbolic,0.6550450606642672,1.4778345023594945,2.8772788531997135,0.97572812947381,15,Nuavg = exp(1.43518 + 0.0398701 log(Re) + 0.0212705 sqrt(Re) + 0.00234264 Pr + 0.00773149 sqrt(Pr) - 0.000472475 log(Da) - 1.46735 sqrt(Da) + 0.00870108 log(porosity) + 0.910278 thickness - 0.134977 amplitude - 0.00291223 wavelength + 0.0505041 log(Re)log(Pr) + 0.000337144 log(Re)log(Da) - 0.00233438 log(Re)log(thickness) - 0.000252825 log(Pr)log(Da)),"Sparse log-target model over raw, log, sqrt and log-product basis terms.",0.05509310006164014,0.0,0.0,0.0,0.0,0.0,0.0032077836857487075,0.012460778451062885,2.7436853721371603,0.0,0.14
sparse_60,Nuavg,ordinary_power_law,symbolic,1.1925972911637879,2.193780381873037,6.071401796768718,0.9451834043988101,8,Nuavg = 2.3738869 Re^{0.283236} Pr^{0.300047} Da^{-0.00471407} porosity^{0.00135874} thickness^{0.155772} exp(-0.138036amplitude) exp(-0.00363272wavelength),Log-linear ordinary least-squares power-law correlation.,0.0013072999427095056,0.0,0.0,0.0,0.0,0.0,0.0025687605633018524,0.012592626984004558,2.2317238942058606,0.0,1.1
sparse_60,Nuavg,complexity_penalized_symbolic_lasso,symbolic,0.6194951962821882,1.2816846900644951,2.79026054298559,0.9812893809557044,14,Nuavg = exp(1.40359 + 5.60195e-05 Re + 0.0520238 log(Re) + 0.018393 sqrt(Re) + 0.00220857 Pr + 0.0104103 sqrt(Pr) - 38.1065 Da - 0.00201744 log(Da) + 0.885138 thickness - 0.146409 amplitude - 0.00252326 wavelength + 0.050247 log(Re)log(Pr) + 0.000436431 log(Re)log(Da) - 0.000593971 log(Pr)log(thickness)),"Sparse log-target model over raw, log, sqrt and log-product basis terms.",0.06466210004873574,0.0,0.0,0.0,0.0,0.0,0.003209106393885,0.012364650649096844,2.713513306526676,0.0,0.14
sparse_80,Nuavg,ordinary_power_law,symbolic,1.0534516477003826,1.8014828351950896,6.0289937779708325,0.9555305210001376,8,Nuavg = 2.3206085 Re^{0.286227} Pr^{0.301773} Da^{-0.00541131} porosity^{-0.00104025} thickness^{0.15453} exp(-0.13788amplitude) exp(-0.00424734wavelength),Log-linear ordinary least-squares power-law correlation.,0.005282300058752298,0.0,0.0,0.0,0.0,0.0,0.0026142085753673786,0.012833804861015562,2.2306204667886127,0.0,1.1
sparse_80,Nuavg,complexity_penalized_symbolic_lasso,symbolic,0.5633446968894834,1.1045524476258233,2.8047362678868164,0.9832823792348582,16,Nuavg = exp(1.42596 + 7.38651e-05 Re + 0.0508726 log(Re) + 0.0184778 sqrt(Re) + 0.00162706 Pr + 0.016864 sqrt(Pr) - 0.76152 Da - 0.000204031 log(Da) - 1.54591 sqrt(Da) + 0.000498889 porosity + 0.875483 thickness - 0.138208 amplitude - 0.00290768 wavelength + 0.0494743 log(Re)log(Pr) + 0.000380747 log(Re)log(Da) - 0.000336676 log(Pr)log(thickness)),"Sparse log-target model over raw, log, sqrt and log-product basis terms.",0.09428910003043711,0.0,0.0,0.0,0.0,0.0,0.0032457835371813054,0.012647012666617836,2.6933463934900086,0.0,0.14
noise_1,Nuavg,ordinary_power_law,symbolic,1.120312217073808,2.0162394242962867,6.018960970664623,0.9503209297134777,8,Nuavg = 2.3456209 Re^{0.283914} Pr^{0.301882} Da^{-0.00539812} porosity^{0.00229049} thickness^{0.154656} exp(-0.132063amplitude) exp(-0.00415062wavelength),Log-linear ordinary least-squares power-law correlation.,0.002042100066319108,0.0,0.0,0.0,0.0,0.0,0.0025798020568681013,0.012720585746184458,2.245898909151587,0.0,1.1
noise_1,Nuavg,complexity_penalized_symbolic_lasso,symbolic,0.593696802175757,1.1998024239762481,2.8458944483210127,0.9824082629484149,14,Nuavg = exp(1.43809 + 5.82193e-06 Re + 0.0437987 log(Re) + 0.0213883 sqrt(Re) + 0.00210321 Pr + 0.0102777 sqrt(Pr) - 0.000782946 log(Da) - 1.49326 sqrt(Da) + 0.878341 thickness - 0.128448 amplitude - 0.00342824 wavelength + 0.0504174 log(Re)log(Pr) + 0.000479034 log(Re)log(Da) - 0.000153858 log(Pr)log(Da)),"Sparse log-target model over raw, log, sqrt and log-product basis terms.",0.10877990000881255,0.0,0.0,0.0,0.0,0.0,0.0032435154399276947,0.012666087604781525,2.725208999703358,0.0,0.14
noise_3,Nuavg,ordinary_power_law,symbolic,1.204026736850216,2.1032014740086433,6.505801246387246,0.9461778187747708,8,Nuavg = 2.3537022 Re^{0.284217} Pr^{0.302645} Da^{-0.00523427} porosity^{0.0111098} thickness^{0.155834} exp(-0.12188amplitude) exp(-0.00488734wavelength),Log-linear ordinary least-squares power-law correlation.,0.0015292000025510788,0.0,0.0,0.0,0.0,0.0,0.0025845453212921784,0.012769925094224864,2.2538994362898928,0.0,1.1
noise_3,Nuavg,complexity_penalized_symbolic_lasso,symbolic,0.7486496697974347,1.354063739312095,3.7455154956927355,0.9776911206020165,15,Nuavg = exp(1.42581 + 6.42194e-05 Re + 0.053045 log(Re) + 0.0180591 sqrt(Re) + 0.00201611 Pr + 0.00974292 sqrt(Pr) - 9.33961e-05 log(Da) - 1.5294 sqrt(Da) + 0.00129342 porosity + 0.884133 thickness - 0.118532 amplitude - 0.0041552 wavelength + 0.0508154 log(Re)log(Pr) + 0.000461619 log(Re)log(Da) - 0.000269814 log(Pr)log(Da)),"Sparse log-target model over raw, log, sqrt and log-product basis terms.",0.1046106000430882,0.0,0.0,0.0,0.0,0.0,0.0032495934037868757,0.012645710293575422,2.729437327905915,0.0,0.14
noise_5,Nuavg,ordinary_power_law,symbolic,1.3131407864204685,2.2575964770337063,7.215280367454153,0.9386494422069699,8,Nuavg = 2.3690505 Re^{0.283842} Pr^{0.301253} Da^{-0.00473192} porosity^{0.00428087} thickness^{0.15457} exp(-0.140154amplitude) exp(-0.00412985wavelength),Log-linear ordinary least-squares power-law correlation.,0.001680999994277954,0.0,0.0,0.0,0.0,0.0,0.002581867995096289,0.012681295682487423,2.249579782390074,0.0,1.1
noise_5,Nuavg,complexity_penalized_symbolic_lasso,symbolic,0.9033263095411719,1.500954505702133,4.862399019474608,0.9728817952165052,14,Nuavg = exp(1.38969 + 0.000145182 Re + 0.0680278 log(Re) + 0.0138254 sqrt(Re) + 0.00210052 Pr + 0.0102899 sqrt(Pr) - 0.00149323 log(Da) - 1.27364 sqrt(Da) + 0.877217 thickness - 0.137234 amplitude - 0.00338774 wavelength + 0.0500517 log(Re)log(Pr) + 0.000622186 log(Re)log(Da) - 0.000261426 log(Pr)log(Da)),"Sparse log-target model over raw, log, sqrt and log-product basis terms.",0.09086310002021492,0.0,0.0,0.0,0.0,0.0,0.0032423153239533216,0.012590201420982085,2.718630224778758,0.0,0.14
random80_20,DelP_Pa,ordinary_power_law,symbolic,115.82185137438657,307.42103525040733,30.514812645404604,0.8039351775362293,8,DelP_Pa = 0.068904337 Re^{1.12942} Pr^{0.00146084} Da^{-0.33008} porosity^{-0.0583578} thickness^{1.10396} exp(1.58018amplitude) exp(-0.028338wavelength),Log-linear ordinary least-squares power-law correlation.,0.0023879000218585134,0.0,0.0,0.0,0.0,0.0,0.008706143787471067,0.04488959269080481,3.6971043229687885,0.0,0.5361221378800574
random80_20,DelP_Pa,complexity_penalized_symbolic_lasso,symbolic,33.336535307758204,77.504234564401,9.128569686541764,0.9875381252495676,16,DelP_Pa = exp(-11.4938 + 0.000470612 Re + 1.07775 log(Re) + 0.0118455 sqrt(Re) - 2377.5 Da - 0.994175 log(Da) + 165.726 sqrt(Da) + 2.35084 thickness - 0.653458 log(thickness) + 1.57315 amplitude - 0.0257427 wavelength + 0.00967327 log(Re)log(Da) - 0.0151322 log(Re)log(porosity) - 0.00482461 log(Re)log(thickness) - 2.37805e-05 log(Pr)log(Da) - 0.132373 log(Da)log(thickness)),"Sparse log-target model over raw, log, sqrt and log-product basis terms.",0.12633769994135946,0.0,0.0,0.0,0.0,0.0,0.007705010611492667,0.04379921833601978,3.3400649095035475,0.0,0.1351612269987142
random80_20,DelP_Pa,unconstrained_gp_sr,symbolic,301.77541388327256,624.158023423961,271.4962225816408,0.19179481130325504,13,"DelP_Pa = sub(add(mul(Re, inv(porosity)), neg(sub(-0.054, Pr))), inv(log(Pr)))",Unconstrained genetic-programming symbolic regression.,0.6257844999199733,0.0,0.0,0.0,0.0,0.0,0.004690522878215323,0.02258521778083401,3.8134326290429765,0.0,1.018603288481455
random80_20,DelP_Pa,positive_complexity_gp_sr,symbolic,265.0703821863341,645.0556824799655,134.60236282020918,0.136769195479997,5,"DelP_Pa = exp(log(sub(abs(wavelength), Re)))","Complexity-penalized GP-SR on log target, enforcing positive predictions.",0.5966467000544071,0.0,0.0,0.0,0.0,0.0,0.0050905105166899785,0.029652196922317662,5.430234467368914,0.0,1.1319184097862172
range_re_high_holdout,DelP_Pa,ordinary_power_law,symbolic,60.725714725432816,159.06024500836367,31.56171365604895,0.7761355271730084,8,DelP_Pa = 0.075118621 Re^{1.08477} Pr^{0.00126629} Da^{-0.340365} porosity^{-0.0581913} thickness^{1.10927} exp(1.41473amplitude) exp(-0.0232305wavelength),Log-linear ordinary least-squares power-law correlation.,0.001518599921837449,0.0,0.0,0.0,0.0,0.0,0.008142940293935988,0.03660117345385046,2.731472230445706,0.0,0.628941456352567
range_re_high_holdout,DelP_Pa,complexity_penalized_symbolic_lasso,symbolic,15.796887982514114,38.868699100602136,8.359671077106183,0.9866321398502932,16,DelP_Pa = exp(-11.9184 + 0.000755802 Re + 1.0408 log(Re) + 0.00552991 sqrt(Re) - 2737.56 Da - 1.02488 log(Da) + 184.174 sqrt(Da) + 2.38866 thickness - 0.736611 log(thickness) + 1.40085 amplitude - 0.023526 wavelength + 0.00583607 log(Re)log(Da) - 0.0099017 log(Re)log(porosity) - 0.00503014 log(Re)log(thickness) - 0.139166 log(Da)log(thickness) + 0.010583 log(porosity)log(thickness)),"Sparse log-target model over raw, log, sqrt and log-product basis terms.",0.12512169999536127,0.0,0.0,0.0,0.0,0.0,0.0069667435813011176,0.03685979662841634,2.350476083584374,0.0,0.13384615384615384
range_re_high_holdout,DelP_Pa,unconstrained_gp_sr,symbolic,172.15400564659444,308.54887160124997,318.0704398756618,0.15761658545849377,18,"DelP_Pa = sub(add(mul(Re, inv(porosity)), neg(sub(-0.054, Pr))), inv(log(mul(mul(Re, porosity), inv(porosity)))))",Unconstrained genetic-programming symbolic regression.,0.5377622999949381,0.0,0.0,0.0,0.0,0.0,0.0042767508114329115,0.01710762744905296,2.6167144304016867,0.0,1.0794782317089802
range_re_high_holdout,DelP_Pa,positive_complexity_gp_sr,symbolic,140.67379471724536,314.1877174719948,155.9836196267757,0.12654549537366822,5,"DelP_Pa = exp(log(sub(abs(wavelength), Re)))","Complexity-penalized GP-SR on log target, enforcing positive predictions.",0.5453976999269798,0.0,0.0,0.0,0.0,0.0,0.005017557945877819,0.022926343173012603,2.8061876070967413,0.0,1.1296589850355925
geometry_holdout,DelP_Pa,ordinary_power_law,symbolic,86.9867341006141,252.0965397653713,31.66592117660723,0.7894024371286632,8,DelP_Pa = 0.075589642 Re^{1.12597} Pr^{-0.00410061} Da^{-0.321558} porosity^{-0.0702477} thickness^{1.09518} exp(1.45367amplitude) exp(-0.0192054wavelength),Log-linear ordinary least-squares power-law correlation.,0.0016700000269338489,0.0,0.0,0.0,0.0,0.0,0.008689072888601879,0.043680486585862086,3.972347200082141,0.0,0.6450330995465317
geometry_holdout,DelP_Pa,complexity_penalized_symbolic_lasso,symbolic,24.67815365821438,59.584441908282955,8.954050273583302,0.9882351790077853,16,DelP_Pa = exp(-11.1945 + 0.000344498 Re + 1.0602 log(Re) + 0.0176676 sqrt(Re) - 2383.46 Da - 0.998471 log(Da) + 164.2 sqrt(Da) + 1.73094 thickness - 0.618174 log(thickness) + 1.47378 amplitude - 0.0221395 wavelength + 8.65603e-06 log(Re)log(Pr) + 0.0098407 log(Re)log(Da) - 0.0194836 log(Re)log(porosity) - 0.00649624 log(Re)log(thickness) - 0.13866 log(Da)log(thickness)),"Sparse log-target model over raw, log, sqrt and log-product basis terms.",0.13717499992344528,0.0,0.0,0.0,0.0,0.0,0.007796729592171205,0.04428024171242605,3.487394485105136,0.0,0.21697346227176095
geometry_holdout,DelP_Pa,unconstrained_gp_sr,symbolic,204.08054320892856,503.1562218071245,163.55891154403056,0.16107088582010942,3,"DelP_Pa = sub(Re, amplitude)",Unconstrained genetic-programming symbolic regression.,0.6421140000456944,0.0,0.0,0.0,0.0,0.0,0.005093433230830845,0.02885224396094025,2.184302698774147,0.0,0.9988568451665238
geometry_holdout,DelP_Pa,positive_complexity_gp_sr,symbolic,202.39814807997212,503.66387335563087,151.93551773972735,0.15937718318962613,5,"DelP_Pa = exp(log(sub(log(Re), Re)))","Complexity-penalized GP-SR on log target, enforcing positive predictions.",0.6976717000361532,0.0,0.0,0.0,0.0,0.0,0.00519257886876258,0.030400527957139573,2.2054486273949356,0.0,1.0177420058742128
sparse_20,DelP_Pa,ordinary_power_law,symbolic,111.84508357284513,287.63326834326233,30.894419364530172,0.8189667015010968,8,DelP_Pa = 0.08615949 Re^{1.10517} Pr^{-0.0122639} Da^{-0.331645} porosity^{0.100953} thickness^{1.11599} exp(1.71681amplitude) exp(-0.0413107wavelength),Log-linear ordinary least-squares power-law correlation.,0.0009138999739661813,0.0,0.0,0.0,0.0,0.0,0.008630088641820823,0.04410525548421886,3.426619928276502,0.0,1.2000000000000002
sparse_20,DelP_Pa,complexity_penalized_symbolic_lasso,symbolic,33.430121883152225,81.44612438835645,9.083113422363343,0.9854848650230355,17,DelP_Pa = exp(-10.7984 + 0.000197683 Re + 0.998389 log(Re) + 0.031042 sqrt(Re) - 0.00267605 log(Pr) - 2254.6 Da - 0.988948 log(Da) + 159.364 sqrt(Da) + 1.60626 thickness - 0.490706 log(thickness) + 1.55688 amplitude - 0.0292139 wavelength + 0.0107151 log(Re)log(Da) - 0.0202443 log(Re)log(porosity) - 0.0153769 log(Re)log(thickness) - 0.00192824 log(Pr)log(thickness) - 0.133148 log(Da)log(thickness)),"Sparse log-target model over raw, log, sqrt and log-product basis terms.",0.08540300000458956,0.0,0.0,0.0,0.0,0.0,0.007751000946941002,0.043619915413822354,3.0582658422140447,0.0,0.04
sparse_40,DelP_Pa,ordinary_power_law,symbolic,113.06486450598348,310.69043417061715,30.40192502377143,0.8050021345707636,8,DelP_Pa = 0.067849102 Re^{1.11368} Pr^{0.00107525} Da^{-0.332079} porosity^{0.043601} thickness^{1.07025} exp(1.31675amplitude) exp(-0.00995641wavelength),Log-linear ordinary least-squares power-law correlation.,0.0011671000393107533,0.0,0.0,0.0,0.0,0.0,0.008521256167297523,0.04306807008602919,3.6519237689382122,0.0,1.2000000000000002
sparse_40,DelP_Pa,complexity_penalized_symbolic_lasso,symbolic,31.115809405295245,79.84697543943916,8.13376317205339,0.98712073636362,16,DelP_Pa = exp(-11.6991 + 0.000461358 Re + 1.05444 log(Re) + 0.0109773 sqrt(Re) - 2608.28 Da - 0.997695 log(Da) + 175.68 sqrt(Da) + 2.59303 thickness - 0.680681 log(thickness) + 1.5512 amplitude - 0.0235545 wavelength + 0.00764078 log(Re)log(Da) - 0.00638654 log(Re)log(porosity) - 0.0110818 log(Re)log(thickness) - 0.000243788 log(Pr)log(Da) - 0.132731 log(Da)log(thickness)),"Sparse log-target model over raw, log, sqrt and log-product basis terms.",0.09205020009540021,0.0,0.0,0.0,0.0,0.0,0.007560637755488781,0.04296267933854209,3.4793409810636935,0.0,0.04
sparse_60,DelP_Pa,ordinary_power_law,symbolic,113.72675332939612,280.94859026821433,30.320919279378263,0.822056616690976,8,DelP_Pa = 0.075558116 Re^{1.11793} Pr^{0.0127312} Da^{-0.331619} porosity^{-0.0207468} thickness^{1.12765} exp(1.46631amplitude) exp(-0.0304894wavelength),Log-linear ordinary least-squares power-law correlation.,0.001986499992199242,0.0,0.0,0.0,0.0,0.0,0.00876128887165589,0.044009055499931796,3.676330079260967,0.0,1.2000000000000002
sparse_60,DelP_Pa,complexity_penalized_symbolic_lasso,symbolic,37.31237056501842,86.78289792498833,9.166891862401469,0.9830216131020267,16,DelP_Pa = exp(-11.5704 + 0.000276112 Re + 1.02468 log(Re) + 0.0233098 sqrt(Re) - 2448.68 Da - 1.00075 log(Da) + 169.141 sqrt(Da) + 2.56987 thickness - 0.682475 log(thickness) + 1.52306 amplitude - 0.0254909 wavelength + 0.00927577 log(Re)log(Da) - 0.0235679 log(Re)log(porosity) - 0.0103787 log(Re)log(thickness) - 0.000114512 log(Pr)log(Da) - 0.13387 log(Da)log(thickness)),"Sparse log-target model over raw, log, sqrt and log-product basis terms.",0.10663670010399073,0.0,0.0,0.0,0.0,0.0,0.007602883321786425,0.04350370917920827,3.3067561461173836,0.0,0.04
sparse_80,DelP_Pa,ordinary_power_law,symbolic,110.7239853470374,287.11885579007867,30.382304131761817,0.7873021270680619,8,DelP_Pa = 0.069673793 Re^{1.11896} Pr^{0.00988907} Da^{-0.329699} porosity^{-0.143587} thickness^{1.10239} exp(1.48776amplitude) exp(-0.0289458wavelength),Log-linear ordinary least-squares power-law correlation.,0.0013016000157222152,0.0,0.0,0.0,0.0,0.0,0.008641858309711967,0.0442869131043588,3.652920243210667,0.0,1.2000000000000002
sparse_80,DelP_Pa,complexity_penalized_symbolic_lasso,symbolic,30.210385761934774,67.78412861759892,8.780538044139458,0.9881451584810198,17,DelP_Pa = exp(-11.6729 + 0.000114662 Re + 1.03672 log(Re) + 0.0283465 sqrt(Re) - 2523.81 Da - 1.00574 log(Da) + 172.379 sqrt(Da) + 2.54994 thickness - 0.680514 log(thickness) + 1.57684 amplitude - 0.0270208 wavelength + 0.00999244 log(Re)log(Da) - 0.0151926 log(Re)log(porosity) - 0.00735869 log(Re)log(thickness) - 7.55414e-05 log(Pr)log(Da) - 0.133148 log(Da)log(thickness) + 0.0137606 log(porosity)log(thickness)),"Sparse log-target model over raw, log, sqrt and log-product basis terms.",0.1146890000673011,0.0,0.0,0.0,0.0,0.0,0.007707988420512341,0.04393178762758868,3.3490798762068175,0.0,0.04
noise_1,DelP_Pa,ordinary_power_law,symbolic,115.54197885561298,306.7191767940951,30.483313432853677,0.8044515446022198,8,DelP_Pa = 0.068871993 Re^{1.12936} Pr^{0.00132312} Da^{-0.330171} porosity^{-0.0609325} thickness^{1.10411} exp(1.57567amplitude) exp(-0.0282609wavelength),Log-linear ordinary least-squares power-law correlation.,0.0014584999298676848,0.0,0.0,0.0,0.0,0.0,0.008706070176062928,0.04487701772500281,3.6928110848059754,0.0,1.2000000000000002
noise_1,DelP_Pa,complexity_penalized_symbolic_lasso,symbolic,33.253255491263836,78.27322539870127,9.157699341204898,0.9872649987982064,16,DelP_Pa = exp(-11.4885 + 0.000471567 Re + 1.07851 log(Re) + 0.0116649 sqrt(Re) - 2369.29 Da - 0.992365 log(Da) + 165.285 sqrt(Da) + 2.36969 thickness - 0.656357 log(thickness) + 1.56866 amplitude - 0.0256688 wavelength + 0.00956373 log(Re)log(Da) - 0.0155265 log(Re)log(porosity) - 0.00414469 log(Re)log(thickness) - 1.35783e-05 log(Pr)log(Da) - 0.132022 log(Da)log(thickness)),"Sparse log-target model over raw, log, sqrt and log-product basis terms.",0.1397498999722302,0.0,0.0,0.0,0.0,0.0,0.007728264045206492,0.04382239844163739,3.334142165199366,0.0,0.04
noise_3,DelP_Pa,ordinary_power_law,symbolic,115.40451237170758,304.7919656309772,30.616834971077918,0.8053657114982975,8,DelP_Pa = 0.069109275 Re^{1.12967} Pr^{0.00208604} Da^{-0.330007} porosity^{-0.0521131} thickness^{1.10529} exp(1.58586amplitude) exp(-0.0289976wavelength),Log-linear ordinary least-squares power-law correlation.,0.0021985999774187803,0.0,0.0,0.0,0.0,0.0,0.00871594292281723,0.04492714303196158,3.7155799201780813,0.0,1.2000000000000002
noise_3,DelP_Pa,complexity_penalized_symbolic_lasso,symbolic,33.641388148021775,81.04045454229657,9.546776950341764,0.9862400752500096,16,DelP_Pa = exp(-11.4584 + 0.000487989 Re + 1.07965 log(Re) + 0.0104654 sqrt(Re) - 2358.97 Da - 0.992274 log(Da) + 164.754 sqrt(Da) + 2.33465 thickness - 0.646486 log(thickness) + 1.57901 amplitude - 0.0264004 wavelength + 0.0095355 log(Re)log(Da) - 0.0138607 log(Re)log(porosity) - 0.00624484 log(Re)log(thickness) - 8.83382e-05 log(Pr)log(Da) - 0.132776 log(Da)log(thickness)),"Sparse log-target model over raw, log, sqrt and log-product basis terms.",0.11971319990698248,0.0,0.0,0.0,0.0,0.0,0.007736251293170274,0.043816228865855074,3.326568180840836,0.0,0.04
noise_5,DelP_Pa,ordinary_power_law,symbolic,117.10244187363845,319.5117182546046,30.763959822582915,0.7923208717331369,8,DelP_Pa = 0.069559931 Re^{1.12929} Pr^{0.00069454} Da^{-0.329505} porosity^{-0.0589421} thickness^{1.10403} exp(1.56758amplitude) exp(-0.0282401wavelength),Log-linear ordinary least-squares power-law correlation.,0.0016354999970644712,0.0,0.0,0.0,0.0,0.0,0.008708268770734677,0.0448662587555028,3.6959993864421006,0.0,1.2000000000000002
noise_5,DelP_Pa,complexity_penalized_symbolic_lasso,symbolic,35.7773445625026,95.06012899570744,9.864508757257084,0.9816170134585157,15,DelP_Pa = exp(-11.5154 + 0.000525886 Re + 1.09223 log(Re) + 0.00845005 sqrt(Re) - 2376.15 Da - 0.993454 log(Da) + 165.832 sqrt(Da) + 2.33615 thickness - 0.655187 log(thickness) + 1.55994 amplitude - 0.025639 wavelength + 0.00968875 log(Re)log(Da) - 0.014975 log(Re)log(porosity) - 0.00279508 log(Re)log(thickness) - 0.131844 log(Da)log(thickness)),"Sparse log-target model over raw, log, sqrt and log-product basis terms.",0.12426269997376949,0.0,0.0,0.0,0.0,0.0,0.007702602798626456,0.04376262642018499,3.332910284521534,0.0,0.04
